"-- Please Select --","-- 请选择 --"
"(%d)","(%d)"
"(Copy data from: %s)","(复制数据自: %s)"
"(Will make search for the query above return results for this search.)","(该搜索将以上面返回的结果来查询。)"
"[GLOBAL]","[全站]"
"* Required Fields","* 必填项"
"# of Use","使用次数"
"%1$s incl tax.","%1$s 含税。"
"%s - %s","%s - %s"
"%s Item(s)","共 %s 项"
"86400 by default, if not set. To refresh instantly, Clear the Blocks HTML Output Cache.","默认86400,如果没有设定.立即更新,清除HTML输出缓存."
"A group with the same name already exists.","一组具有相同名称的已存在."
"A name is required","名字必填"
"A product type is not defined for the indexer.","产品类型没有加定义."
"Action","操作"
"Add Attribute","增加属性"
"Add Design Change","增加界面设计"
"Add Group","增加分组"
"Add Items to Cart","加到购物车"
"Add New","增加"
"Add New Attribute","增加新属性"
"Add New Attribute Set","增加新属性组合"
"Add New Group","增加新分组"
"Add New Images","增加新图片"
"Add New Option","添加新的选项"
"Add New Row","添加新行"
"Add New Search Term","增加新搜索关键词"
"Add New Set","增加新组合"
"Add Option","增加选项"
"Add Product","增加商品"
"Add Product To Websites","增加商品到网站"
"Add Root Category","添加根目录"
"Add Subcategory","添加子目录"
"Add Tax","添加税"
"Add Tier","增加层次"
"Add to Cart","加入购物车"
"Add to Compare","加入比较"
"Compare","比较"
"Add to My Wishlist","加入收藏"
"Add to Wishlist","加入收藏"
"Additional Information","更多信息"
"Alert Urls","警报Urls"
"All","全部"
"ALL GROUPS","所有分组"
"All Product Types","所有商品类型"
"All products of this set will be deleted! Are you sure you want to delete this attribute set?","所有使用此属性集合的商品将会被删除！您确定要删除此属性集合吗？"
"All Websites","所有网站"
"Allow All Products per Page","允许每一页的所有产品"
"Allow Dynamic Media URLs in Products and Categories","在产品和分类中允许加入动态媒体链接"
"Allow HTML-tags on Front-end","允许HTML标签在前台"
"Allowed File Extensions","允许文件扩展名"
"Allowed file extensions to upload","允许上传文件的扩展名"
"AM","上午"
"An error occurred while adding customers for the %s alert. Message: %s","增加%s的客户时出现了错误,警报信息: %s"
"An error occurred while adding products to websites.","给网站增加产品时出现了错误."
"An error occurred while clearing comparison list.","清除对比列表时出现了错误."
"An error occurred while removing products from websites.","从网站移除产品时出现了错误."
"An error occurred while saving the attribute set.","保存属性集时出现了错误."
"An error occurred while saving the collection, aborting. Error message: %s","保存收藏时出错,警告,出错信息: %s"
"An error occurred while saving the product. ","保存产品时出错. "
"An error occurred while saving the search query.","保存搜索请求时出错."
"An error occurred while saving the URL rewrite.","保存URL重写时出错."
"An error occurred while saving this group.","保存组时出错."
"An error occurred while trying to delete the category.","试着删除产品分类时出错."
"An error occurred while updating the product(s) attributes.","更新产品属性时出错."
"An error occurred while updating the product(s) status.","更新产品状态时出错."
"An invalid option ID is specified for %s (%s), skipping the record.","一个指定%s (%s)的无效选项ID,跳过此记录."
"An invalid store was specified.","指定了一个无效的商店."
"Anchor Custom Text","自定义锚文本"
"Anchor Custom Title","自定义锚标题"
"Amount","数量"
"Applicable to catalog products and categories only. Any media content will be inserted into editor as a static URL. It is not updated if the system configuration base URL changes.","只适用于产品目录和分类,可编辑任何媒体内容到静态URL.基于URL改变的系统配置没有被更新."
"and","和"
"and1","，"
"save1","折扣"
"and above","及以上"
"Apply To","应用于"
"Apply To Configurable/Grouped Product","应用于可设置/组合商品"
"Approved","已批准"
"Are you sure you want to delete this category?","您确定要删除该分类吗？"
"Are you sure you would like to remove this item from the compare products?","您确定要从比较商品中删除本商品吗？"
"Are you sure?","您确定吗？"
"As low as:","最低可至："
"Assign","指定"
"Assign product link","指定商品链接"
"Assign product to category","添加商品到分类"
"Assigned Products","已指定商品"
"Associated Products","相关商品"
"Attrib. Set Name","属性组合名称"
"Attribute Code","属性代码"
"Attribute ""%s"" is invalid.","属性""%s""是无效的."
"Attribute ""%s"" is required.","属性""%s""是必须的."
"Attribute group with the ""/name/"" name already exists","名为 ""/name/"" 的属性组已存在"
"Attribute Information","属性信息"
"Attribute Label","属性标签"
"Attribute Model","属性型号"
"Attribute model not defined","属性型号未定义"
"Attribute Name:","属性名称："
"Attribute Properties","属性参数"
"Attribute Set","属性组合"
"Attribute with the same code already exists","属性代码已存在"
"Attributes","属性"
"Attrribute names can be specified per store.","同一属性可为每一个商店指定不同的名称。"
"Autogenerate","自动生成"
"Availability:","库存情况:"
"Availability: In stock.","库存：有货"
"Availability: Out of stock.","库存：缺货。"
"Back","返回"
"Backend Model","后台型号"
"Backend Table","后台表"
"Backend Table Title","后台表标题"
"Backorders","缺货订单"
"Base directory to upload image file is not specified","没有设定上传图片文件的基准目录"
"Based On","基于"
"Best Value","超值"
"Block after Info Column","信息栏之后的区块"
"Bottom Block Options Wrapper","底部一块选项包装"
"Bottom/Left","左下"
"Bottom/Right","右下"
"Browse By","查看"
"Buy %1$s for %2$s","购买 %1$s，每件 %2$s"
"Buy %1$s for %2$s (%3$s incl. tax) each","购买 %1$s 及以上，每件仅 %2$s (%3$s 含税)"
"Buy %1$s for %2$s each","购买 %1$s 件及以上，每件仅 %2$s"
"cache refresh needed","需要刷新缓存"
"Can be used only with catalog input type Dropdown","仅用于目录下拉菜单"
"Can be used only with catalog input type Dropdown, Multiple Select and Price","仅用于目录下拉菜单、多重选择和价格"
"Cannot create image.","不能创建图像."
"Can't create image.","无法创建图片。"
"Cache Lifetime (Seconds)","缓存使用期(秒)"
"Cannot create writeable directory '%s'","无法创建可写入的目录'%s'"
"Cart Item Attribute","购物车商品属性"
"Catalog","目录"
"Catalog Input Type for Store Owner","店主的目录输入类型"
"Catalog Price Scope","目录价格范围"
"Catalog Category (Anchor)","目录分类(锚)"
"Catalog Category (Non-Anchor)","目录分类(无锚)"
"Catalog Category (Without Subcategories)","目录分类(无子分类)"
"Catalog Category Link","目录分类链接"
"Catalog New Products List","新产品目录列表"
"Catalog Price Scope","目录价格范围"
"Catalog Product Compare List","产品目录比较列表"
"Catalog Product Email to a Friend","给朋友一封产品目录的邮件"
"Catalog Product Image Gallery Popup","产品目录图片对话框"
"Catalog Product Link","产品目录链接"
"Catalog Product View (Any)","产品目录界面(任何)"
"Catalog Product View (Configurable)","产品目录界面(可配置的)"
"Catalog Product View (Grouped)","产品目录界面(分组)"
"Catalog Product View (Simple)","产品目录界面(单一)"
"Catalog Product View (Virtual)","产品目录界面(虚拟)"
"Catalog Section","目录单元"
"Catalog, Search","目录，搜索"
"Catalog Seo Popular Search Terms","SEO目录热门搜索条款"
"Catalog Seo Sitemap (Category List)","SEO目录地图(分类列表)"
"Catalog Seo Sitemap (Category Tree)","SEO目录地图(分类树形图)"
"Catalog Seo Sitemap (Common)","SEO目录地图(常见的)"
"Catalog Seo Sitemap (Product List)","SEO目录地图(产品列表)"
"Catalog URL Rewrites","目录URL重写"
"Catalog, Search","目录,搜索"
"Categories","分类"
"categories","分类"
"Categories Sitemap","分类网店地图"
"Category","分类"
"Display Settings","显示设置"
"Name","分类名"
"Please select a static block ...","请选择一个静态块..."
"Category API","分类 API"
"Category attributes API","分类属性 API"
"Category Data","分类数据"
"Category delete error","删除分类出错"
"Category deleted","分类已删除"
"Category move error","移动分类出错"
"Category Flat Data","分类数据"
"Category Link Block Template","分类链接块模板"
"Category Link Inline Template","分类链接内嵌模板"
"Category move error","移动分类出错"
"Category move operation is not possible: the new parent category was not found.","不能移动分类:新主分类没有被找到."
"Category must be instance of Mage_Catalog_Model_Category","分类必须是 Mage_Catalog_Model_Category 实例"
"Category Navigation:","分类导航："
"Category Products","分类商品"
"Category saved","分类已保存"
"Category Top Navigation","顶部目录导航"
"Category URL Suffix","目录 URL 后缀"
"Category Top Navigation","分类顶部导航"
"Change","修改"
"Change or Retrieve attribute store view","修改或获取商店界面属性"
"Change status","修改状态"
"Check items to add to the cart or","选择商品添加至购物车或"
"Choose an Option...","选择..."
"Choose option...","选择选项..."
"Clear All","清空"
"Currently Shopping By","当前筛选条件"
"Clear All Items","取消所有条件"
"Close Window","关闭窗口"
"Collapse All","全部叠起"
"comma separated","以半角逗号分隔"
"Comparable","可比较"
"Comparable on Front-end","可在前台比较"
"Comparable on the Frontend","在顶端比较"
"Compare Items","商品比较"
"Compare list successfully cleared","成功删除比较列表"
"Compare Products","商品比较"
"Compare Products - %d Items","比较商品 - %d件商品"
"Compare Products (%d)","比较商品(%d)"
"Compare Products List","比较商品列表"
"Conditions Combination","条件组合"
"Configurable Product","可设置商品"
"Configurable Product Settings","可设置商品的设置"
"Continue","继续"
"Copy From Configurable","从可设置复制"
"Country/State","国家/地区"
"Create","创建"
"Create (Upload)","创建（上传）"
"Create Empty","创建空"
"Create new category","创建新分类"
"Create new product","创建新商品"
"Create Product Settings","创建商品设置"
"Create Simple Associated Product","创建简单相关商品"
"Create Product Settings","创建商品设定"
"Create Simple Associated Product","创建简单相关产品"
"Cross-sells","交叉销售"
"Currently Shopping by","当前条件"
"Custom Design","主题设计"
"Custom Options","自定义选项"
"Customer Group","客户组"
"Customers for alert %s was successfuly added to queue","成功添加提醒%s的客户到队列"
"Customers Reviews","客户评论"
"Customers Tagged Product","客户标签商品"
"Data Type for Saving in Database","保存在数据库的日期类型"
"Date","日期"
"Date & Time Custom Options","日期&时间 自定义选项"
"Date fields order","订单日期"
"Date Subscribed","订阅日期"
"Datetime","日期"
"Decimal","小数"
"Decimal Number","小数"
"Declare attribute value saving scope","定义属性值保存范围"
"Default price","缺省价格"
"Default Qty","缺省数量"
"Default value","缺省值"
"Default Values","缺省值"
"Defines the base currency scope (""Currency Setup"" > ""Currency Options"" > ""Base Currency"").","定义基础货币范围(""货币设置"" > ""货币选项"" > ""基础货币"")."
"Delete","删除"
"Delete Attribute","删除属性"
"Delete Attribute Set","删除属性组合"
"Delete category","删除分类"
"Delete Category","删除分类"
"Delete category","删除分类"
"Delete Option","删除选项"
"Delete product","删除商品"
"Delete Row","删除行"
"Delete Search","删除搜索"
"Delete Selected Group","删除所选组"
"Depends on design theme","取决于设计主题"
"Design","设计"
"Details","详细描述"
"Disabled","禁用"
"Disallowed file type.","无效的文件类型."
"Display in Suggested Terms","在建议关键词中显示"
"Double click on a group to rename it","双击组改名"
"Double click on above image to view full picture","双击上面的图片以查看全图"
"Dropdown","下拉菜单"
"Duplicate","复制"
"Duplicate website tier price customer group and quantity.","复制网站分层价格客户组和数量。"
"Duplicate website, country and state tax found.","复制网站，国家和地区税率。"
"E.g. {{media url=""path/to/image.jpg""}} {{skin url=""path/to/picture.gif""}}. Dynamic directives parsing impacts catalog performance.","E.g. {{media url=""path/to/image.jpg""}} {{skin url=""path/to/picture.gif""}}.动态的指示分析目录."
"each","每个"
"Edit","修改"
"Edit Attribute Set '%s'","修改属性组合'%s'"
"Edit Product Attribute","修改商品属性"
"Edit Product Attribute ""%s""","修改商品属性""%s"""
"Edit Search","修改搜索"
"Edit Search '%s'","修改搜索'%s'"
"Edit Set Name","修改设置名称"
"Email","电子邮件"
"Email to a Friend","发邮件给朋友"
"Email to a Friend","发邮件给朋友"
"Empty","空"
"Enable Qty Increments","可使数量增加"
"Enable WYSIWYG","可使所见所得"
"Enabled","使用"
"Error during retrieval of option value: %s","检索差错的选项价值出错: %s"
"ex. http://domain.com","ex. http://domain.com"
"Exclude","去除"

"Expand All","全部展开"
"Failed","失败"
"Failed to move file: %s","移动文件失败: %s"
"Feature Products","推荐商品"
"Field is not complete","区域没有完成"
"File options format is not valid.","文件选项格式无效."
"File upload failed","文件上传失败"
"Filter model name must be declared","请定义条件的型号名称"
"Filter must be as object. Set correct filter please","条件必须为对象，请修改条件"
"Filterable (no results)","有条件 (不含结果)"
"Filterable (with results)","有条件 (含结果)"
"Filters must be as array","条件必须为数组"
"First Name","名字"
"Fixed","固定"
"Flat Catalog module has a limit of %2$d filterable and/or sort able attributes. Currently there are %1$d. Please reduce the number of filterable/sort able attributes in order to use this module.","目录模块限制在%2$d属性分类.目前是%1$d.为了更好的使用这个模块,请减少使用分类属性过滤功能."
"For internal use. Must be unique with no spaces","内部使用，必须唯一且不含空格"
"For reindex enabled product(s) you need specify store or product","您需要为支持索引商品指定 store 或 product 对象参数"
"Frontend","前台"
"Frontend Model","前台型号"
"Frontend Properties","前台属性"
"Gallery","图册"
"General Information","基本信息"
"Get special price","获取特价信息"
"Global","全站"
"Globally Editable","可全站修改"
"Go to Home Page","转到希思黎网上商城首页"
"Grid","图文"
"Grouped Product","组合商品"
"Groups","组"
"Home","希思黎网上商城首页"
"ID","编号"
"ID: %s","编号: %s"
"If empty, the Product Name will be used","如果为空,产品名将被使用"
"If you do not specify an option value for a specific store view then the default (Admin) value will be used.","如果你不指定一个选项权限为某一特定的商店,那么默认(管理员)权限将会被使用."
"Image","图片"
"Image content is not valid base64 data.","图片内容不是正确的 base64 数据。"
"Image file not found","图片文件没找到"
"Image not exists","图片不存在"
"Image not specified.","未指定图片。"
"Image type and information need to be specified for each store view.","每个商店界面要输入图片类型和信息。"
"In stock","库房有货"
"In Stock","库房有货"
"In stock.","库房有货。"
"Incl. Tax","含税"
"Index product and categories URL rewrites","产品索引和目录分类索引URL重写"
"Index product attributes for layered navigation building","分层导航建立产品属性索引"
"Index product prices","产品索引价格"
"Indexed category/products association","分类索引/产品索引 关联"
"Info Column Options Wrapper","信息栏选项包装"
"Input Type","输入类型"
"Input Validation for Store Owner","输入格式"
"Integer","整数"
"Integer Number","整数"
"Invalid attribute %s","无效属性%s"
"Invalid attribute option specified for attribute %s (%s), skipping the record","属性%s (%s)的属性选项不正确，忽略该记录"
"Invalid attribute set specified, skipping the record","属性组合不正确，忽略该记录"
"Invalid block: %s","方框不正确：%s"
"Invalid category","错误的分类"
"Invalid category IDs","分类编号不正确"
"Invalid image file type","图片文件类型不正确"
"Invalid image type.","错误的分类类型。"
"Invalid option id specified for %s (%s), skipping the record","%s (%s)的选项编号不正确，忽略该记录"
"Invalid product type specified, skipping the record","商品类型不正确，忽略该记录"
"Invalid store specified","指定的商店不正确"
"Invalid store specified, skipping the record","商店不正确，忽略该记录"
"Invalid Tier Prices","错误的分级价格"
"Invalid tier prices. The product is not associated to the requested website.","无效的价格层.该产品的请求跟网站无关."
"Invalid transactional email code.","无效的电子邮箱交易代码."
"Inventory","库存"
"Is Default","默认"
"Is Required","必填"
"Items %s to %s of %s total","%s-%s件/共计%s件商品"
"Items that you don't want to show in the catalog or search results should have status 'Disabled' in the desired store.","不要显示在目录或搜索结果中的商品， 相应商店中的状态要设置为'禁用'。"
"Items that you don't want to show in the catalog or search results should have status 'Disabled' in the desired store.","您不想展示在目录或搜索结果中的项目可以改成"不可见"."
"Keep your eyes open for our special Back to School items and save A LOT!","睁大你的双眼看看我们为了回报学校的项目和保存的一切"
"Label","标签"
"Last Name","姓氏"
"Last Notification","最近提醒"
"Learn More","了解更多"
"leave blank if its not an image","如果不是图像请留下空白"
"Length of text is too long","文本过长"
"Letters","字母"
"Letters(a-zA-Z) or Numbers(0-9)","字母(a-zA-Z)或数字(0-9)"
"Line %d, Email: %s","行%d，电子邮件：%s"
"Line %d, SKU: %s","行%d，SKU: %s"
"Link (Related, Up sell, Cross sell)","连接（关联，推荐销售，交叉销售）"
"Link product not exists.","连接产品不存在。"
"Link to a Specified Category","链接到一个特定的目录"
"Link to a Specified Product","链接到特定的产品"
"List","列表"
"List Mode","列表模式"
"List of Products that are set as New","新设定的产品列表"
"Manage Attribute Sets","管理属性集"
"Manage Attributes","管理属性"
"Manage Catalog Categories","管理目录分类"
"Manage Catalog Categories","管理目录分类"
"Manage Categories","管理分类"
"Manage Label / Options","管理标签/选项"
"Manage Options (values of your attribute)","管理选项 (属性值)"
"Manage Product Attributes","管理商品属性"
"Manage Product Sets","管理商品组合"
"Manage Products","管理商品"
"Manage Products*","管理商品*"
"Manage Products (Enhanced)","商品管理(增强版)"
"Manage Stock","管理库存"
"Manage Titles (Size, Color, etc.)","管理标题 (大小、颜色等。)"
"Max Characters","最大字符数目"
"Maximal Depth","最大层数"
"Maximum image height","图像最大高度"
"Maximum Image Size","图像最大尺寸"
"Maximum image width","图像最大宽度"
"Maximum number of characters","最大字符数目"
"Maximum Qty Allowed in Shopping Cart","购物车中允许的最多商品数量"
"Media Image","媒体图片"
"Minimum Lines Per Page","每页最低线"
"Minimum Qty Allowed in Shopping Cart","购物车中必须的最少商品数量"
"Minimum Qty for Item's Status to be Out of Stock","商品缺货状态的最低数量"
"Missing SKU, skipping the record","缺少 SKU，忽略该记录"
"More Views","更多"
"Move","移动"
"Move category in tree","移动分类"
"Multiple Select","多选"
"must be in the allowed values list","必须从允许取值列表中选择"
"Name","名称"
"Name In %s","%s中名称"
"Name<br/>(For internal use)","名称<br/>(内部使用)"
"New Category","新分类"
"New Product","刚加入购物车的商品"
"New Product Attribute","新商品属性"
"New Products","新商品"
"New Products Grid Template","新产品网络模板"
"New Products List Template","新产品列表模板"
"New Search","新搜索"
"New Set Name","新组合名称"
"Next","下一个"
"No","否"
"No image","没有图片"
"No layout updates","无布局更新"
"No options of this product are available.","没有该商品的选项可用。"
"No product collections found","没有找到商品组合"
"No product collections found.","没有找到商品组合."
"None","无"
"Not Visible Individually","单独不可见"
"Not shared with other products","没有与其它商品共享"
"Notify for Quantity Below","提醒数量低于"
"Notify Low Stock RSS","低库存提醒RSS"
"Nowhere","不可见"
"Number of Products to Display","一些产品进行展示"
"Number of results<br/>(For last time placed)","结果数量<br/>(最后一次)"
"Number of Uses","使用次数"
"Old Price:","原价："
"Option validation failed to add product to cart","添加商品到购物车选项验证失败"
"Option:","选项："
"Options Control","选项控制"
"Options is required","必填选项"
"OR","或"
"Our customer service is available 24/7. Call us at (555) 555-0123.","我们的客户服务时可见的24/7.联系我们:(555) 555-0123."
"Out of Stock","售罄"
"Out of stock","售罄"
"Out of stock.","售罄。"
"Page Title Separator","页面标题分隔符"
"Page:","页："
"Parent Category","上层分类"
"Pending","等待"
"Pending Reviews RSS","待审评论的RSS"
"per page","件商品"
"Percentage","百分比"
"Please add rows to option.","请添加行选项。"
"Please be careful as once you click on the row it will load package data form the selected file and all unsaved form data will be lost.","请谨慎操作，一旦您点击此行，选定文件的包数据将被导入，所有未保存的表单将会丢失。"
"Please click on Close Window button if it won't be closed automatically","如果窗口没有自动关闭，点关闭按钮"
"Please enter a new group name","请输入新组名"
"Please refresh ""Catalog Rewrites"" and ""Layered Navigation Indices"" in System -> <a href=""%s"">Cache Management</a>","请通过 系统-> <a href=""%s"">缓存管理</a> 刷新""目录重写""和""分层导航索引"""
"Please select  items","请选择商品"
"Please select one or more attributes.","请选择一个以上属性。"
"Please select product(s)","请选择商品"
"Please select products for attributes update","请选择商品更新属性"
"Please select static block ...","请选择固定方框 ..."
"Please set up merge date/time .","请设定合并日期/时间."
"Please select one or more attributes.","请选定一个或更多属性."
"Please select product(s).","请选定产品."
"Please select products for attributes update","选定要更新属性的产品"
"Please specify date required option(s)","请指定日期要求选项"
"Please specify the product option(s)","请指定产品选项"
"Please specify the product required option(s)","请指定产品必选项"
"Please specify the product(s) quantity","请指定产品数量"
"Please specify time required option(s)","请指定时间要求选项"
"Please specify the product\'s option(s).","请指定一个产品的选项."
"Please specify the product\'s required option(s).","请指定产品的选项要求."
"Please, use four-digit year format","请使用四位数年份的格式"
"Please specify the quantity of product(s).","请指定产品数量."
"PM","下午"
"Position","推荐"
"Position In Layered Navigation","层导航中位置"
"Position of attribute in layered navigation block","层导航方框中的属性位置"
"Prev","上一步"
"Previous","上一步"
"Price","价格"
"Price is not available","价格为不可见"
"Price Type","价格类型"
"Price values for options should be specified in system base currency.","请在系统基准货币中输入选项价格。"
"Price:","价格："
"Print This Page","打印该页"
"Problem saving the collection, aborting. Error: %s","保存组合时出错，退出。错误：%s"
"Product","商品"
"Product %s successfully added to compare list","成功增加商品%s到比较列表"
"Product %s successfully removed from compare list","成功从比较列表中删除商品%s"
"Product Alerts","商品提醒"
"Product API","商品 API"
"Product Attribute","商品属性"
"Product attribute sets API","商品属性集合 API"
"Product attribute was successfully deleted","成功删除商品属性"
"Product attribute was successfully saved","成功保存商品属性"
"Product Attributes","商品属性"
"Product attributes API","商品属性 API"
"Product Categories","商品分类"
"Product collection expected","需要商品组合"
"Product deleted","商品已删除"
"Product Description","商品说明"
"Product duplicated","商品重复"
"Product has required options","商品包含必选项"
"Product Image Watermarks","商品图像水印"
"Product Image Placeholders","商品图像方框"
"Product Image Watermarks","商品图像水印"
"Product Images","商品图片"
"Product Images API","商品图片 API"
"Product In Websites","商品网站"
"Product Info Column","商品信息栏"
"Product Information","商品信息"
"Product links API (related, cross sells, up sells)","商品连接 API （相关商品，交叉销售，推荐销售）"""
"Product Link Block Template","商品链接块模板"
"Product Link Inline Template","商品链接内嵌模板"
"Product links API (related, cross sells, up sells)","商品链接API (相关,交叉销售,销售)"
"Product listing sort by","商品列表排序"
"Product Name","商品名称"
"Product Prices","商品价格"
"Product Reviews","商品评论"
"Product saving error.","保存商品出错。"
"Product saving error. ","商品保存有误。 "
"Product Tags","商品标签"
"Product Tier Price API","商品分级价格 API"
"Product Type","商品类型"
"Product types API","商品类型 API"
"Product URL Suffix","商品 URL 后缀"
"Product was successfully created.","成功创建商品。"
"Product was successfully saved.","成功保存商品"
"Product with this combination of attributes already associated to configurable.","该属性组合的商品已与配置关联。"
"products","商品"
"Products","商品"
"Products Comparison List","商品对比列表"
"Products Information","商品信息"
"Products only","仅限商品"
"Products per page on Grid allowed values","多栏模式下每页商品显示数量允许值"
"Products per Page on Grid default value","每页多栏商品数量的缺省值"
"Products per Page on List allowed values","单栏列表模式下每页商品显示数允许值"
"Products per Page on List default value","每页列表商品数量的缺省值"
"Products Reviews","商品评论"
"Products Sitemap","商品网店地图"
"Properties","属性"
"px.","像素."
"Qty","数量"
"Qty for Item's Status to become Out of Stock","此数量时将商品状态设置为库存不足"
"Qty Uses Decimals","数量用十进制"
"Qty:","数量:"
"Quantity","数量"
"Quick Create","快速创建"
"Quick Overview","商品简介"
"Quick simple product creation","快速创建简单商品"
"Records for ""","记录"""
"Redirect","重定向"
"Redirect URL","重定向网址"
"Regular Price:","原价："
"Related Products","相关商品"
"Remove","删除"
"Remove Product","删除商品"
"Remove product assignment","从分类中删除分配商品"
"Remove Product From Websites","从网站删除商品"
"Remove product image","删除商品图片"
"Remove product link","删除商品连接"
"Remove This Item","从商品比较中去除该商品"
"Required","必填"
"Reset","重置"
"Results","结果"
"Retrieve attribute data","获取属性数据"
"Retrieve attribute list","获取属性列表"
"Retrieve attribute options","获取属性选项"
"Reorganize EAV category structure to flat structure","EAV分类的组织结构"
"Reorganize EAV product structure to flat structure","EAV产品的组织结构"
"Retrieve categories tree","获取分类树"
"Retrieve category attributes","获取目录属性"
"Retrieve category data","获取目录数据"
"Retrieve hierarchical tree","获取分级(目录)树"
"Retrieve linked products","获取连接商品列表"
"Retrieve list of assigned products","获取指定商品列表"
"Retrieve one level of categories by website/store view/parent category","根据网站/商店视图/父目录获取单层分类"
"Retrieve product","获取商品信息"
"Retrieve product attribute sets","获取商品属性集合"
"Retrieve product image","获取商品图片"
"Retrieve product image list","获取商品图片列表"
"Retrieve product image types","获取商品图片类型"
"Retrieve product link type attributes","获取商品连接类型属性"
"Retrieve product link types","获取商品连接类型"
"Retrieve product tier prices","获取商品分级价格"
"Retrieve product types","获取商品类型"
"Retrieve products data","获取商品数据"
"Retrieve products list by filters","根据过滤器获取商品列表"
"Review successfully deleted","成功删除评论"
"Review was saved successfully","成功保存评论"
"Review was successfully saved","成功保存评论"
"Retrieve products data","检索产品数据"
"Retrieve products list by filters","检索产品过滤器列表"
"Reviews","评论"
"Roll Over for preview","总评"
"Root","根分类"
"save","保存"
"Save","保存"
"Save And Continue Edit","保存并继续修改"
"Save Attribute","保存属性"
"Save Attribute Set","保存属性组合"
"Save Category","保存分类"
"Save Search","保存搜索"
"Saved ","保存 "
"Scope","范围"
"Search","搜索"
"Search Engine Optimizations","搜索引擎优化"
"Search Information","搜索信息"
"Search Query","搜索"
"Search Term was successfully saved","成功保存搜索关键词"
"Search Term with such search query already exist.","搜索关键词已存在。"
"Search was successfully deleted","成功删除搜索"
"Searchable","可搜索"
"select all","全选"
"Select Configurable Attributes ","选择可设置属性"
"Select type of option","选择选项类型"
"Select type options required values rows.","选择类型选项需指定选项值数组"
"Selected configuration is not available.","选择的设置不可用。"
"Selected Product Types","选择商品类型"
"Selected configuration is not available.","配置选定不可见."
"Selected Product Types","选定产品类型"
"Send Count","发送计算"
"Set Ascending Direction","设为升序"
"Set Descending Direction","设为降序"
"Set Name","组合名称"
"Set Root Category For Store","给商店设置根分类"
"Set root category for this store in the <a href=""%s"">configuration</a>","在<a href=""%s"">设置</a>中给该商店设置根分类"
"Set special price","设置特价"
"Set/Get current store view","设置/获得当前商店界面"
"Settings","设置"
"Shop by","购物"
"Shopping Options","购物选项"
"Show","每页显示"
"Show Details","显示详情"
"Show Tags","显示标签"
"Simple Product","简单商品"
"Site Map","网站地图"
"Sitemap","网站地图"
"Skip import row, is not valid value ""%s"" for field ""%s""","忽略导入行，不是正确的 ""%s"" 在栏目 ""%s"""
"Skip import row, required field ""%s"" for new customer not defined","忽略导入行，新客户的必填栏目""%s""未定义"
"Skip import row, required field ""%s"" for new products not defined","忽略导入行，新商品的必填栏目""%s""未定义"
"Skip import row, required field ""%s"" not defined","忽略导入行，必填栏目""%s""未定义"
"Skip import row, store ""%s"" field not exists","忽略导入行，商店""%s""栏目不存在"
"Skipping import row, required field ""%s"" for new products is not defined.","跳过导入列,必须填写 ""%s""未定义产品."
"Skipping import row, required field ""%s"" is not defined.","跳过导入列,必须填写""%s""是未定义."
"Skipping import row, store ""%s"" field does not exist.","跳过导入列,商店""%s"" field does not exist."
"Skipping import row, the value ""%s"" is not valid for the ""%s"" field.","跳过导入列,此""%s""为不正确的""%s""区域."
"SKU","SKU"
"Some of the products below do not have all the required options. Please remove them and add again with all the required options.","以下一些产品没有填完必填的选项,请移除并添加所有必填的选项."
"Sort by","排序"
"Sort By","排序方式"
"Sort Order","排序"
"Source Model","源型号"
"Special Price:","特价："
"Starting at:","起价："
"Static","固定"
"Static block and products","固定方框和商品"
"Static block only","仅固定方框"
"Status","状态"
"Stock Availability","库存情况"
"Store","商店"
"Store View","商店界面"
"Stretch","伸展"
"Subscribe to Feed","订阅Feed"
"Subscribe to RSS Feed","订阅网店 RSS Feed"
"Super product attributes configuration","高级商品属性设置"
"Synonym for","同义"
"Synonym For","同义"
"System","系统"
"System Properties","系统属性"
"Tag Name","标签名"
"Tax","税"
"Template","模板"
"Text","文字"
"Text Area","文字区域"
"Text Field","文字栏目"
"The attribute model is not defined","未定义的属性模板"
"The attribute set has been saved.","属性集没有保存."
"The base directory to upload image file is not specified.","本地上传时没有指定图像文件."
"The category has been deleted.","已删除分类."
"The category has been saved.","以保存分类."
"The comparison list was cleared.","商品比较列表已清空。"
"The email template is not specified by administrator.","此邮件模板不是管理员指定的."
"The filters must be an array.","过滤器必须为数组."
"The Flat Catalog module has a limit of %2\$d filterable and/or sortable attributes. Currently there are %1\$d of them. Please reduce the number of filterable/sortable attributes in order to use this module.","目录模板限制在%2\$d过滤或合适的属性.目前其中的%1\$d.为了更好的使用这个模块,请较少的使用过滤或合适的属性."
"The image contents is not valid base64 data.","图像内容不是有效的64位数据."
"The image is not specified.","未指定的图像."
"The product %s has been added to comparison list.","此%s商品已经添加到商品比较列表。"
"The product %s has been removed from comparison list.","此%s商品已经从商品比较列表中移除。"
"The product attribute has been deleted.","已删除商品属性."
"The product attribute has been saved.","已保存商品属性."
"The product has been created.","已创建商品."
"The product has been deleted.","已删除商品."
"The product has been duplicated.","已复制该商品."
"The product has been saved.","已保存该商品."
"The product has required options","该商品具有必填选项"
"The review has been deleted","已删除描述"
"The review has been saved.","已保存描述."
"The review was removed by another user or does not exist.","该描述已经被另一个用户移除或不存在."
"The search was deleted.","已删除搜索."
"The text is too long","文本过长"
"There are no %s available.","没有%s可用。"
"There are no customers for this alert","该提醒没有客户"
"There are no products matching the selection.","没有与选择匹配的商品。"
"There was an error while adding products to websites","增加商品到网站时出错"
"There was an error while cleared compare list","清空比较列表出错"
"There was an error while removing products from websites","从网站删除商品时出错"
"There was an error while updating product(s) attributes","更新商品属性时出错"
"There was an error while updating product(s) status","更新商品状态出错"
"This attribute no longer exists","该属性不存在"
"This group contains attributes, used in configurable products. Please move these attributes to another group and try again.","该属性组包含可配置商品所使用属性。请将这些属性移到另外的属性组再试。"
"This group contains system attributes. Please move system attributes to another group and try again.","该属性组包含系统属性。请将系统属性移到另外一个组后再试。"
"This attribute cannot be deleted.","该属性没有被删除."
"This attribute cannot be edited.","该属性没有被修改."
"This attribute cannot be updated.","该属性没有被更新."
"This attribute is used in configurable products. You cannot remove it from the attribute set.","该属性用于可配置的商品,您不能把它从属性集中移除."
"This Attribute no longer exists","属性不存在"
"This attribute no longer exists","属性不存在"
"This attribute set no longer exists.","属性集不存在."
"This group contains attributes, used in configurable products. Please move these attributes to another group and try again.","此组包含属性,用于可配置的商品.请把这些属性移到别的组后再试一次."
"This group contains system attributes. Please move system attributes to another group and try again.","此组包含系统属性.请把该系统属性移到另一组然后再试一次."
"This is a required option","这是一个必填的属性"
"This search no longer exists","该搜索已不存在"
"This product no longer exists.","该产品已经不存在了."
"This search no longer exists.","该搜索已经不存在了."
"Tier Pricing","分级价格"
"Tile","排列"
"Time format","时间格式"
"Title","标题"
"To reindex the enabled product(s), the store or product must be specified.","重新索引可激活的商品,商店或商品必须可指定的."
"Top/Left","左上"
"Top/Right","右上"
"Total incl. Tax: %1$s","税总额： %1$s"
"Total of %d record(s) were successfully deleted","成功删除%d个记录"
"Total of %d record(s) were successfully updated","成功更新%d个记录"
"Total Qty Base Items","Base 记录总数 "
"Type","类型"
"Unable to complete request. Please try again later.","无法完成请求，请稍后再试。"
"Unable to find a search term to delete","没有找到要删除的搜索关键词"
"Unable to find an attribute to delete","没有找到要删除的属性"
"Unable to get product id.","无法取得商品编号。"
"Unassigned Attributes","未指定的属性"
"Unique Value","唯一值"
"Unique Value (not shared with other products)","唯一值 (没有与其它商品共享)"
"Unknown attribute: %s","未知属性：%s"
"Unknown EAV indexer type ""%s"".","位置的EAV类型""%s""."
"unselect all","取消全选"
"Unsupported product type ""%s"".","不支持的商品类型""%s""."
"Up-sells","推荐销售"
"Update","更新"
"Update assigned product","更新指定商品"
"Update attributes","更新属性"
"Update Attributes","更新属性"
"Update category","更新分类"
"Update product","更新商品"
"Update product image","更新商品图片"
"Update product link","更新商品连接"
"Update product tier prices","更新商品分级价格"
"Update Tier Price","更新分层价格"
"Upload new product image ","上传新的商品图片 "
"Url","网址"
"Url rewrie save problem.","网址重写保存问题。"
"Url Rewrite Management","网址重写"
"Use categories path for product URLs","商品网址使用分类路径"
"Use Config Settings","使用设置值"
"Use Canonical Link Meta Tag For Categories","为分类使用规范的META标签链接"
"Use Canonical Link Meta Tag For Products","为商品使用规范的META标签链接"
"Use Categories Path for Product URLs","为商品链接使用分类路径"
"Use Config Settings","使用配置设置"
"Use default","使用默认"
"Use Default Value","使用缺省值"

"Use Flat Catalog Category","使用目录分类"
"Use Flat Catalog Product","使用产品目录"
"Use in advanced search","用于高级搜索"
"Use In Layered Navigation","用于分层导航"
"Use In Layered Navigation<br/>(Can be used only with catalog input type 'Dropdown')","用于分级导航<br/>(仅用于目录输入类型'下拉菜单')"
"Use in quick search","用于快速搜索"
"Use In Search Results Layered Navigation","用于分层导航搜索结果"
"Use in Quick Search","用于快速搜索"
"Use In Search Results Layered Navigation","用于分层导航搜索结果"
"Use JavaScript Calendar","使用JavaScript日程表"
"Use To Create Configurable Product","用于创建可配置商品"
"Use Static URLs for Media Content in WYSIWYG for Catalog","为所见所得的商品使用静态的URL"
"Use Tree Like Category Sitemap","分类地图用树形图表示"
"Used for sorting in product listing","在商品列表中排序"
"Used in product listing","用于商品列表"
"Values Required","必填项"
"Value for ""%s"" is invalid: %s","""%s""的价值是无效的: %s"
"Varchar","变量"
"View as","显示方式"
"Virtual Product","虚拟商品"
"Visibility","可见性"
"Visible","可见"
"Visible on Catalog Pages on Front-end","在前台目录页面可见"
"Visible on Product View Page on Front-end","显示在商品界面顶端"
"Watermark","水印"
"Watermark Default Size","水印缺省大小"
"Watermark Opacity, Percent","水印透明度百分比"
"Watermark Position","水印位置"
"We Also Recommend","我们也建议"
"Web Site Item Must be checked","Web Site Item Must be checked"
"Web Site Store Must be checked","Web Site Store Must be checked"
"Website","网站"
"Websites","网站"
"Whether to show ""All"" option in the ""Show X Per Page"" dropdown.","是否显示""所有""的选项在""显示在某一页""的下拉菜单中."
"Wrong BuyRequest instance in options group","在选项组里错买的实例"
"Wrong option instance type in options group","在选项组里的错误的选项实例类型"
"Wrong option type to get group instance.","错误的选项类型进入组中的实例."
"Wrong product instance type in options group","在选项组中错误的产品实例类型"
"Wrong product type filter specified","指定过滤错误的商品类型"
"Wrong quote item instance in options group","选项组中错误的引用项目"
"Wrong quote item option instance in options group","选项组中错误的引用项目例子"
"WYSIWYG Editor","实用的在线编辑器"
"x","x"
"Year Range","一年范围内"
"Yes","是"
"Yes/No","是/否"
"You cannot email this product to a friend.","无法将此商品用邮箱发给朋友."
"You cannot delete this attribute","无法删除该属性"
"You cannot edit this attribute","无法修改该属性"
"You cannot send more than %d emails at a time.","你不能在同一时间发送%d封邮件."
"You have exceeded limit of %d sends in an hour.","你在一小时内已经超过%d的发送次数."
"You cannot remove system attribute from this set.","不能从改组合中删除系统属性。"
"You cannot update this attribute","无法更新该属性"
"You have to specify at least one recipient.","你必须指定至少一个用户."
"You have no items to compare.","没有要比较的商品。"
"You may also be interested in the following product(s)","您也许会喜欢下面的商品"
"Zoom In","放大"
"Zoom Out","缩小"
"Are you sure you would like to remove all products from your comparison?","您确定是否要清空您的商品比较列表？"
"Are you sure you would like to remove this item from the comparison list?","您确定是否要从商品比较列表中移除该商品？"
"Please specify the product\'s option(s).","您是否遗忘了指定商品选项？"
"Please specify the product\'s required option(s).","您是否遗忘了指定商品选项？"
"Please specify the product's option(s).","您是否遗忘了指定商品选项？"
"Please specify the product required option(s).","您是否遗忘了指定商品选项？"
"All Catalogs","全部分类"
"Shop By","全部分类"

