" [deleted]"," [删除]"
" and "," 以及 "
" The customer does not exist in the system anymore."," 系统内不存在该用户."
" [deleted]"," [删除]"
" and "," 以及 "
" The customer doesn't exist in the system anymore"," 该客户已不存在"
"- Click on any of the time parts to increase it","- 点击时间任意部分可以使其递增"
"- Hold mouse button on any of the above buttons for faster selection.","- 在上述按钮上长按鼠标以快速选择"
"- or click and drag for faster selection.","- 或者点击并拖动以快速选择。"
"- or Shift-click to decrease it","- 或者按住 Shift 并点击使其递减"
"- Use the %s buttons to select month","- 使用 %s 按钮选择月份"
"- Use the %s, %s buttons to select year","- 使用 %s, %s 按钮选择年份"
"-- Not Selected --","-- 不设定 --"
"-- Please select --","-- 请选择 --"
"-- Please Select --","-- 请选择 --"
"-- Please select a category --","-- 请选择分类 --"
"-- Please Select Billing Agreement--","-- 请选择计费协议 --"
"--Please Select--","--请选择--"
"(\t for tab)","(t 为制表符)"
"(Absolute path or Relative to Magento install root, ex. var/export)","(绝对路径或者相对于Magento安装根目录，例如 var/export)"
"(Absolute path or Relative to Magento install root, ex. var/export)","(不可改变路径或让magento麦金斗安装根,例变量或者到处)"
"(For US 2-letter state names)","(2个字母的省份名(适用于美国))"
"(If left empty will be auto-generated)","(如果留空将自动生成)"
"(Leave empty for first spreadsheet)","(留空为第一个电子表)"
"(Products will be added/updated to this store if 'store' column is blank or missing in the import file.)","(如果导入文件中'商店'栏目为空或者缺少，商品将被增加/更新到该商店。)"
"(Shift-)Click or drag to change value","(Shift-)单击或者拖动以变更取值"
"(Starting with)","(开头)"
"(When 'No', only mapped fields will be imported. When mapping, use 'column1', 'column2', etc.)","(为'否'时，仅导入映射字段。当映射时，用'column1'、'column2'等。)"
"(You have to increase php memory_limit before changing this value)","(改变这个值之前您必须增加页面的有限空间)"
"(You have to increase php memory_limit before changing this value)","（修改该值之前您必须先增加 php 的 memory_limit 设置值）"
"[ deleted ]","[ 删除 ]"
"[deleted]","[删除]"
"{{base_url}} is not recommended to use in a production environment to declare the Base Unsecure Url / Base Secure Url. It is highly recommended to change this value in your Magento <a href=""%s"">configuration</a>.","{{base_url}}不建议在正式运行环境下公布基准不安全网址和基准安全网址。强烈建议您在Magento <a href=""%s"">配置</a>中修改此值。"
"* - If indexing is in progress, it will be killed and new indexing process will start","* - 将终止已有的索引进程并启动新的索引进程。"
"[STORE VIEW]","[商店界面]"
"[WEBSITE]","[网站]"
"%s (Default Template from Locale)","%s (默认局部模板)"
"%s cache type(s) disabled.","%s 禁用缓存."
"%s cache type(s) enabled.","%s 可用缓存."
"%s cache type(s) refreshed.","%s 刷新缓存."
"<h1 class=""page-heading"">404 Error</h1><p>Page not found.</p>","<h1 class=""page-heading"">404错误</h1><p>没有找到该页面</p>"
"1 Hour","1 小时"
"12 Hours","12 小时"
"12h AM/PM","12h AM/PM"
"2 Hours","2 小时"
"24 Hours","24 小时"
"24h","24h"
"2YTD","2YTD"
"6 Hours","6 小时"
"A new password was sent to your email address. Please check your email and click Back to Login.","新的密码已经发送至你的邮箱.请进入你的邮箱然后重新登录."
"A user with the same user name or email aleady exists.","已经存在相同的用户名或者邮箱名."
"Abandoned Carts","放弃购物车"
"About the calendar","关于日程表"
"Access Denied","拒绝访问"
"Access denied","拒绝访问"
"Access Denied.","访问被拒绝。"
"Access denied.","拒绝访问."
"Access Deny","拒绝访问"
"Account Created in:","创建账户:"
"Account Created on (%s):","创建账户于 (%s):"
"Account Created on:","创建账户于:"
"Account Information","账户信息"
"Account status","账户状态"
"Account Status","账户状态"
"Account successfully saved","成功保存帐号"
"Action","操作"
"Action","操作"
"Actions","操作"
"Actions","操作"
"Actions XML","操作 XML"
"Actions XML","XML操作"
"Active","启用"
"Active","激活"
"Add","添加"
"Add after","添加之后"
"Add Author","添加作者"
"Add Contents Path","添加内容路径"
"Add Contents Path","添加内容路径"
"Add Exception","添加示例"
"Add Exception","添加例外"
"Add Field Mapping","添加区域地图"
"Add Field Mapping","添加字段映射"
"Add Field with URL:","添加区域的URL:"
"Add Maintainer","添加维护人员"
"Add New Image","添加新图片"
"Add New osCommerce Profile","添加新的osCommerce属性"
"Add New Profile","添加新属性"
"Add New Role","添加新作用"
"Add New Template","添加新模板"
"Add New URL Rewrite","添加新的URL重写"
"Add New User","添加新用户"
"Add New Variable","添加新变量"
"Add Package dependency","添加附属软件包"
"Add Package dependency","添加安装包依赖"
"Add PHP Extension dependency","添加 PHP扩展依赖"
"Add PHP Extension dependency","添加PHP推广"
"Add Subpackage dependency","添加子安装包依赖"
"Add URL Rewrite","添加URL重写"
"Add URL Rewrite for a Category","添加分类URL重写"
"Add URL Rewrite for a Product","添加商品URL重写"
"Add Urlrewrite","添加网址重写"
"Add Urlrewrite for a Category","添加分类网址重写"
"Add Urlrewrite for a Product","添加商品网址重写"
"Additional Cache Management","额外的缓存管理"
"Address Type:","地址类型:"
"Admin","管理"
"Admin","管理员"
"Advanced Admin Section","高级管理区域"
"Advanced Admin Section","高级管理员单元"
"Advanced Profiles","高级配置文件"
"Advanced Profiles","高级属性"
"Advanced Section","高级区域"
"Advanced Section","高级单元"
"Aggregate Order","累计订单"
"All","所有"
"All","全部"
"All Allowed Countries","所有允许国家"
"All Allowed Countries","全部允许的国家"
"All Cache","全部的缓存"
"All Cache","所有缓存"
"All countries","全部的国家"
"All countries","所有国家"
"All fields","所有栏目"
"All fields","全部的字段"
"All Files","全部的文件"
"All Files","所有文件"
"All possible rates were fetched, please click on ""Save"" to apply","所有可能的速率已经完成,请点击保存""以提交"""
"All rates were fetched, please click on ""Save"" to apply","所有数据已经完成,请点击保存""以提交"""
"All Reviews","全部的评论"
"All Store Views","所有商店界面"
"All Store Views","全部的商店界面"
"All Tags","所有标签"
"All Tags","全部的标签"
"All valid rates have been saved.","所有有效的数据已经保存."
"All valid rates successfully saved","成功保存所有有效的汇率"
"All Websites","全部的网站"
"All Websites","所有网站"
"Amounts","总数"
"Amounts","金额"
"An error occurred while clearing the image cache.","清理图片缓存时发生了错误."
"An error occurred while clearing the JavaScript/CSS cache.","清理JavaScript/CSS缓存时发生了错误."
"An error occurred while creating the backup.","建立备份时出现了错误."
"An error occurred while deleting email template data. Please review log and try again.","删除邮箱模板数据时出现了错,请检查记录,重新试一次"
"An error occurred while deleting this role.","删除角色是出现了错误."
"An error occurred while deleting this set.","删除设置时出现了错误."
"An error occurred while deleting this template.","删除这个模板时出现了错误."
"An error occurred while finishing process. Please refresh the cache","程序完成时出现了错误,请刷新缓存"
"An error occurred while rebuilding the catalog index.","重新建立目录首页时出现了错误."
"An error occurred while rebuilding the Catalog Inventory Stock Status.","重新建立目录存货状态时出现了错误."
"An error occurred while rebuilding the flat catalog category.","重新建立目录分类时出现了错误."
"An error occurred while rebuilding the flat product catalog.","重新建立商品分类时出现了错误."
"An error occurred while rebuilding the search index.","重新建立搜索页面时出现了错误."
"An error occurred while refreshing the catalog rewrites.","刷新目录重写时出现了错误."
"An error occurred while refreshing the Catalog Rewrites.","刷新目录重写时出现了错误."
"An error occurred while refreshing the Layered Navigation indices.","刷新导航目录时出现了错误."
"An error occurred while refreshing the layered navigation indices.","刷新导航目录时出现了错误."
"An error occurred while saving account.","保存账户时出现了错误."
"An error occurred while saving this configuration:","保存配置时出现了错误:"
"An error occurred while saving this role.","保存任务时出现了错误."
"An error occurred while saving this template.","保存模板时出现了错误."
"An error occurred while updating the selected review(s).","更新选定的评论时出现了错误."
"Any","任何"
"Any Attribute Set","任何属性集"
"Any Group","任何组"
"Any Status","任何状态"
"Any Store","任何商店"
"Any Type","任何类型"
"Any Visibility","任何可见类型"
"API Key","API Key"
"API Key Confirmation","API Key确认书"
"Archive file name:","文档名称:"
"Are you sure that you want to delete this template?","您确认要删除该模板吗？"
"Are you sure that you want to delete this template?","您确认要删除该模板吗？"
"Are you sure that you want to strip tags?","您确认要删除标签吗？"
"Are you sure that you want to strip tags?","您确认要删除标签吗?"
"Are you sure you want to do this?","您确认要怎么做吗?"
"Are you sure you want to do this?","您确认要这么做吗？"
"Are you sure you wish to INSTALL all selected packages?","您确认要安装所有选择的包吗？"
"Are you sure you wish to UNINSTALL all selected packages?","您确认要卸载所有选择的包吗？"
"Are you sure you wish to UPGRADE all selected packages?","您确认要升级所有选择的包吗？"
"Area","区域"
"Assigned","指定"
"Assigned","指定"
"Associated Tags","相关联的标签"
"Attribute Set Name:","属性集名称:"
"Attribute set successfully saved.","成功保存属性集。"
"Attribute set was successfully removed.","成功删除属性集。"
"Attributes","属性"
"Authors","作者"
"Available Products","可以使用的商品"
"Average Order Amount","平均订单金额"
"Average Orders","平均订单"
"Back","返回"
"Back","返回"
"Back to local packages","返回本地包"
"Back to Login","返回登录"
"Back to Login","返回登录"
"Backup","备份"
"Backup record was deleted.","已删除备份记录."
"Backup successfully created","成功备份"
"Backups","备份"
"Base currency","标准货币"
"Bcc","暗送"
"Bcc","暗送"
"Bestsellers","畅销商品"
"Bestsellers","畅销商品"
"Big Image","放大图片"
"Billing Address","账单地址"
"Billing Address","账单地址"
"Billing address","账单地址"
"Billing Agreement","账单协议"
"Billing Agreements","账单协议"
"Block Information","方框信息"
"Block Information","方框信息"
"Both (without and with tax)","同时(无论是否含税)"
"Both IPN and PDT","Both IPN and PDT"
"Browse Available Extensions","浏览可用插件"
"Browse Available Remote Extensions","浏览可用的远程插件"
"Browse Files...","浏览文件..."
"Browse Files...","浏览文件..."
"Bundle Items","绑定项目"
"Bundle with dynamic pricing cannot include custom defined options. Options will not be saved.","绑定的价格和动态价格不能包含的自定义界定的选择,选项将会不能保存."
"Cache Control","缓存管理"
"Cache Control (beta)","缓存管理 (beta)"
"Cache Management","缓存管理"
"Can not add new comment.","无法添加新评论"
"Can not add tracking number.","无法添加新运单号"
"Can not delete tracking number.","无法删除运单号"
"Can not do credit memo for order","无法为此订单创建退款记录"
"Can not do invoice for order","无法为此订单做单据"
"Can not do shipment for order.","无法为此订单做运输"
"Can not initialize shipment for adding tracking number.","无法为增加订单号生成运输"
"Can not initialize shipment for delete tracking number.","无法为删除订单号生成运输"
"Can not load track with retrieving identifier.","无法使用获得的标志符加载跟踪记录"
"Can not retrieve tracking number detail.","无法获取订单号详细资料"
"Can not save credit memo","无法保存退款记录"
"Can not save invoice","无法保存单据"
"Can not save shipment.","无法保存运输"
"Can not send shipment information.","无法发送运输资料"
"Can not update item qty","无法更新物品数量"
"Can't delete design change","无法删除设计修改"
"Can't find email address.","没有找到邮件地址。"
"Cannot update the item\'s quantity.","无法更新项目\'s数量."
"Card Verification Number","信用卡校验码"
"Catalog","目录"
"Catalog Price Rules","目录价格规则"
"Catalog Rewrites","目录重写"
"Catalog Rewrites was refreshed successfully","成功刷新目录重写记录"
"Catalog Rewrites were refreshed successfully","成功刷新目录重写记录"
"Channel","频道"
"Channel:","频道："
"Checkbox","复选框"
"Choose an attribute","选择属性"
"Choose Store View","查看商店界面"
"Clear","清除"
"close","关闭"
"Close","关闭"
"CMS","CMS"
"Comment text field can not be empty.","评论框不能为空白"
"Comments History","评论记录"
"Complete","完成"
"Configuration","设置"
"Configuration successfully saved","成功保存设置"
"Connect with the Magento Community","连接Magento社区"
"Convert to Plain Text","转换为文字"
"Credit Memo #%s comment added","退款记录 #%s 备注已添加"
"Credit Memo #%s created","退款记录 #%s 已创建"
"Credit Memo cancel error.","退款记录取消有误"
"Cookie (unsafe)","Cookie (不安全)"
"Country","国家"
"Country:","国家:"
"Coupons","优惠券"
"Create","创建"
"Create DB Backup","创建数据库备份"
"Create New Attribute","创建新属性"
"Create URL Rewrite:","URL重写创建:"
"Created At","创建在"
"Credit Card Number","信用卡号码"
"Credit Card Number: xxxx-%s","信用卡号码: xxxx-%s"
"Credit Card Type","信用卡类型"
"Credit Card Type: %s","信用卡类型: %s"
"Credit memo #%s comment added","信用卡付款 #%s 补充说明"
"Credit memo #%s created","创建付款 #%s "


"Credit memo\'s total must be positive.","退款记录总计必须大于0."
"Contents","Contents"
"Confirmed email:","已确认的 email:"
"Credit Memo History","退款记录历史"
"Credit Memo total must be positive.","退款记录总额必须为正数"
"Credit Memo Totals","退款记录总计"
"Credit Memo was successfully canceled.","成功取消退款记录"
"Credit Memo was successfully created","成功创建退款记录"
"Credit Memo was successfully voided","成功将退款记录作废"
"CRITICAL","重要"
"CRITICAL","重要"
"CSV","CSV"
"CSV / Tab separated","CSV/Tab 分割"
"Currency","货币"
"Currency Information","货币信息"
"Currency Setup Section","货币安装部分"
"Current Configuration Scope:","当前配置范围:"
"Current Month","本月账单"
"Custom","自定义"
"Custom Variable ""%s""","自定义变量 ""%s"""
"Custom Variables","自定义变量"
"Customer","客户"
"Customer Group:","客户组:"
"Customer Groups","客户组"
"Customer Name","客户名称"
"Customer Reviews","客户评论"
"Customer Shopping Carts","客户购物车"
"Currency Setup Section","货币设置单元"
"Customer Since:","注册日期："
"Customer was successfully saved","成功保存客户"
"Customers","客户"
"Customers by Number of Orders","根据订单数量排列的客户"
"Customers by Orders Total","根据订单总额排列的客户"
"Dashboard","控制台"
"Data Format","数据格式"
"Data transfer:","数据传送："
"Date","日期"
"Date & Time","日期 & 时间"
"Date selection:","日期选择："
"Date selector","选择日期"
"Date Updated","更新日期"
"Date:","日期："
"Day","Day"
"Default (Admin) Values","缺省(管理)值"
"Default Billing Address","默认创建地址"
"Default Config","缺省设置"
"Default display currency ""%s"" is not available in allowed currencies","默认显示货币 ""%s"" 不在允许货币列表中"
"Default scope","缺省范围"
"Default Template from Locale","界面的缺省模版"
"Default Values","缺省值"
"Delete","删除"
"Delete %s","删除 %s"
"Delete %s '%s'","删除 %s '%s'"
"Delete Profile","删除配置文件"
"Delete Role","删除角色"
"Delete Store","删除商店"
"Delete Store View","删除商店界面"
"Delete Template","删除模板"
"Delete User","删除用户"
"Delete Website","删除站点"
"Description","简介"
"Description:","简介："
"Design","设计"
"Design change deleted","设计修改已删除"
"Design change saved","设计修改已保存"
"Design Section","设计单元"
"Developer Section","程序员单元"
"Details","详细信息"
"DHTML Date/Time Selector","日期/时间选项"
"Direction:","方向："
"Disable","禁用"
"Disabled","已禁用"
"Display default currency","显示缺省货币"
"Do you really want to KILL parallel process and start new indexing process?","您真的要终止平行进程并启动新的索引进程吗？"
"Downloading and installing $pkg, please wait...","正在下载和安装$pkg，请稍候..."
"Drag to move","窗口可拖动"
"Downloads","下载"
"Drag to move","拖动"
"Drop-down","下拉菜单"
"Edit","编辑"
"Edit Design Change","修改界面设计"
"Edit Email Template","修改邮件模板"
"Edit Poll","修改投票"
"Edit Queue","修改队列"
"Edit Review","编辑评论"
"Edit Role","修改角色"
"Edit Store View","修改商店界面"
"Edit System Template","修改系统模板"
"Edit Template","修改模板"
"Edit URL Rewrite","修改URL重写"
"Edit User","修改用户"
"Edit User '%s'","修改用户 '%s'"
"Edit Website","修改网站"
"Email","电子邮件"
"Email address is empty.","电子邮件地址为空。"
"Email Address:","电子邮件："
"Email Preview","预览电子邮件"
"Email:","电子邮件："
"Error while cleared Image cache. Please try again later","生成图像缓存出错，请稍后再试。"
"Error while create backup. Please try again later","生成备份出错，请稍后再试。"
"Error while saving account. Please check all required fields","保存账户时出错,请核对所有必填项."
"Error while updating selected review(s). Please try again later.","更新选择的评论出错，请稍后再试."
"Enable","使用"
"Enabled","激活"
"Enclose Values In:","随函附上价值:"
"Entity Type","实体类型"
"Entity type:","实体类型:"
"example: ""sitemap/"" or ""/"" for base path (path must be writeable)","例如: ""sitemap/"" or ""/"" 为基数路径 (路径必须重写)"
"example: sitemap.xml","例如: sitemap.xml"
"Excel","Excel"
"Excl. Tax","Excl. Tax"

"Expiration Date","有效期"
"Expiration Date: %s/%s","有效期：%s/%s"
"Export","导出"
"Export CSV","导出 CSV"
"Export Filters","导出文件"
"Export to:","导出至:"
"Export:","导出:"
"Extension","扩展名"
"Extension Name","扩展名"
"Extensions","扩展名"
"Failed to add a product to cart by id ""%s""","按序号 ""%s"" 添加商品到购物车失败"
"Failed to cancel the billing agreement.","取消账单协议失败."
"Failed to clear the JavaScript/CSS cache.","清理JavaScript/CSS缓存失败."
"Failed to delete the billing agreement.","删除账单协议失败."
"Failed to update the profile.","更新资料失败."
"Field","领域"
"Field Mapping","领域地图"
"File","文件"
"File Information","文件信息"
"File name:","文件名："
"File size should be more than 0 bytes","文件要大于0字节"
"Files","文件"
"Final Price","最终价格"
"Finished items creation.","Finished items creation."
"First Invoice Created Date","第一份发票的创建日期"
"First Name","名字"
"First Name is required field.","名字是必填的."
"First Name:","名字:"
"Fixed","固定"
"Flush Catalog Images Cache","清理目录图像缓存"
"Flush JavaScript/CSS Cache","清理JavaScript/CSS缓存"
"Flat Catalog Category rebuild error","目录分类重建错误"
"Flat Catalog Category was rebuilt successfully","成功重修目录分类"
"Flat Catalog Product rebuild error. Please try again later","产品目录重建出错,请稍后再试"
"Flat Catalog Product was rebuilt successfully","产品目录重建成功"
"For category","用于分类"
"For latest version visit: %s","要了解最新版本信息，请访问: %s"
"For product","用于商品"
"Forgot your password?","忘记密码？"
"Forgot your user name or password?","您忘记账户名和密码了？"
"from","来自"
"From","来自"
"FTP Host[:Port]","FTP Host[:Port]"
"Gb","Gb"
"Get help for this page","查看本页面的帮助"
"General Section","整体部分"
"Get help for this page","查看本页面的帮助"
"Get Image Base64","获取图片 Base64"
"Go Today","转至当前日期"
"Global Attribute","整体属性"
"Global Record Search","全站搜索"
"Global Search","全局搜索"
"Go Today","今天去"
"Google Base","Google Base"
"Google Base Items","Google Base 记录"
"Google Sitemaps","Google Sitemaps"
"Grand Total","金额"
"Grid (default) / List","格子(默认)/列表"
"Grid Only","仅限格子"
"Group:","组:"
"Guest","访客"
"Help Us Keep Magento Healthy - Report All Bugs","帮助我们改良Magento麦金斗的质量 - 报告所有错误"
"Home","首页"
"HTTP (unsecure)","HTTP (不安全)"
"HTTPS (SSL)","HTTPS (SSL)"
"ID","编号"
"ID Path","编号路径"
"Image cache was cleared successfully","成功清除图片缓存"
"Ignore","忽略"
"Images","图片"
"Images (.gif, .jpg, .png)","图片格式 (.gif, .jpg, .png)"
"Images Cache","图片缓存"
"images/logo.gif","images/logo.gif"
"Import/Export Advanced","高级导入/导出"
"Import and Export","导入和导出"
"Import and Export Tax Rates","导入和导出税率"
"Import Service","导入服务"
"Import/Export","导入/导出"
"Import/Export Advanced","高级导入/导出"
"Import/Export Profile","导入/导出属性"
"Imported <strong>%s</strong> records","导入<strong>%s</strong>记录"
"In","货币"
"In Database:","货币数据库:"
"In File:","货币文件:"
"Inactive","禁用"
"Incoming Message","收到的消息"
"Installing $pkg, please wait...","正在安装$pkg，请稍候..."
"Installing selected packages, please wait...","正在安装所选包，请稍候..."
"Incl. Tax","含税"
"Include","包括"
"Incoming Message","收到的信息"
"Insert Variable...","插入变量..."
"Interactive","交互"
"Interface Locale: %s","界面语言：%s"
"Invalid directory: %s","目录不正确：%s"
"Invalid email address ""%s"".","电子邮箱地址不正确 ""%s""."
"Invalid file: %s","文件不正确：%s"
"Invalid Form Key. Please refresh the page.","无效形式的密钥,请刷新此页面."
"Invalid Import Service Specified","指定的导入服务不正确"
"Invalid input data for %s => %s rate","输入的 %s => %s 比率数据不正确"
"Invalid input:","输入不正确："
"Invalid parrent block for this block","此方框的父母方框错误"
"Invalid POST data (please check post_max_size and upload_max_filesize settings in you php.ini file)","POST 数据不正确（请检查 php.ini 中 post_max_size 和 upload_max_filesize 设置）"
"Invalid Secret Key. Please refresh the page.","无效密钥,请刷新此页面."
"Invalid URL","网址不正确"
"Invalid Username or Password.","用户名或密码不正确。"
"Invalid website value","网址值不正确"
"Inventory Stock Status","存货状况"
"Invalidated","无效"
"Invoice #%s created","生成发票%s"
"Invoice and shipment was successfully created.","成功建立了单据和运输"
"Invoice was successfully canceled.","成功取消发票"
"Invoice was successfully captured","成功生成发票"
"Invoice was successfully created.","成功创建发票"
"Invoice was successfully voided","成功将发票作废"
"Invoice canceling error.","取消发票时出错."
"Invoice capturing error.","锁定发票时出错."
"Invoice History","发票记录"
"Invoice Totals","发票总计"
"Invoice voiding error.","无效发票出错."
"Invoices","发票"
"IP Address","IP 地址"
"IPN (Instant Payment Notification) Only","只支持即时汇款通知"
"Is Closed","关闭"
"Issue Number","版本号"
"Issuer: %s","发行人: %s"
"Items to merge","项目合并"
"items selected","项目选择"
"JavaScript/CSS","JavaScript/CSS"
"JavaScript/CSS Cache","JavaScript/CSS缓存"
"Kb","Kb"
"Last 24 hours","最近24小时"
"Last 5 Orders","最近5个订单"
"Last 5 Search Terms","最近5个搜索关键词"
"Last 7 days","最近7天"
"Last Logged In:","最近登录："
"Last Month","最近1个月"
"Latest Message:","最新消息："
"Layered Navigation Indices was refreshed successfully","成功刷新分层导航索引"
"Layered Navigation Indices were refreshed successfully","成功刷新分层导航索引"
"Leave empty to use tax identifier","留空则使用税率标识符"
"Level","水平"
"License","许可"
"License URI","许可 URI"
"License:","许可："
"Lifetime Sales","累计订单金额"
"Last Name","姓"
"Last Name is required field.","姓是必填的."
"Last Name:","姓:"
"Last updated: %s. To refresh last day\'s <a href=""%s"">statistics</a>, click <a href=""%s"">here</a>.","数据最后更新日期: %s. 最后一天刷新\'s <a href=""%s"">statistics</a>,点击<a href=""%s"">here</a>."
"Links","链接"
"Local Server","本地服务器"
"Local/Remote Server","本地/远程服务器"
"Links with associated products will retain only after saving current product.","保存现有产品后,与之相关的产品也将会被保存."
"List (default) / Grid","默认列表/格子"
"List Only","只列出"
"Load default template","加载默认模板"
"Load Template","加载模板"
"Loading...","加载中..."
"Local Server","本地服务器"
"Local/Remote Server","本地/远程服务器"
"Locale","语言"
"Log in to Admin Panel","登录管理面板"
"Log into Magento Admin Page","登录 Magento 管理页面"
"Log Out","退出"
"Logged in as %s","登录用户 %s"
"Login","登录"
"Low Stock","库存不足"
"Magento Admin","Magento 管理"
"Magento Commerce - Administrative Panel","Magento Commerce - 管理面板"
"Magento Connect","Magento 连接"
"Magento Connect Manager","Magento 连接管理器"
"Magento is a trademark of Irubin Consulting Inc. DBA Varien. Copyright &copy; %s Irubin Consulting Inc.","Magento 是 Irubin Consulting Inc. DBA Varien 的注册商标。版权所有 &copy; %s Irubin Consulting Inc."
"Magento Logo","Magento 标志"
"Magento ver. %s","Magento 版本 %s"
"Magento&trade; is a trademark of Irubin Consulting Inc. DBA Varien.<br/>Copyright &copy; %s Irubin Consulting Inc.","Magento&trade; 是 Irubin Consulting Inc. DBA Varien 的注册商标。<br/>版权所有 &copy; %s Irubin Consulting Inc."
"Maintainers","维护"
"MAJOR","重要"
"major","重要"
"Manage Currency Rates","管理货币汇率"
"Make sure that data encoding in the file is consistent and saved in one of supported encodings (UTF-8 or ANSI).","请确保数据加密且文件一致并使用可支持编码(UTF-8 or ANSI)."
"Manage Attribute Sets","管理属性集"
"Manage Attributes","管理属性"
"Manage Categories","管理分类"
"Manage Content","管理内容"
"Manage Currency Rates","管理汇率"
"Manage Customers","管理客户"
"Manage Installed Extensions","管理已安装插件"
"Manage osCommerce Orders","管理 osCommerce 订单"
"Manage osCommerce Profiles","管理 osCommerce 配置文件"
"Manage Ratings","管理评价"
"Manage Stores","管理商店"
"Mapping Configuration","映射配置"
"Manage Tax Zones and Rates","管理税收地区和汇率"
"Matched Expression","相关描述"
"Max","最多"
"Maximum","最多"
"Mb","Mb"
"md5sum","md5sum"
"Merge Now","立刻合并"
"Min","最少"
"Minimum","最少"
"MINOR","次要"
"minor","次要"
"Module version conflict!","模块版本发生冲突!"
"Month","月"
"Most Viewed Products","查看更多商品"
"Most Viewed Products","查看更多商品"
"MS Excel XML","MS Excel XML"
"Multiple Select","多选"
"My Account","我的帐户"
"N/A","无"
"Name on Card","持卡人姓名"

"Name on the Card: %s","持卡人姓名：%s"
"Name:","姓名:"
"New ","新的"
"New Accounts","新建帐号"
"New admin password","新的管理员密码"
"New Api Key","新 Api 密钥"
"New Attribute","新建属性"
"New Block","新建方框"
"New Category","新建分类"
"New Class","新建级别"
"New Condition","新状况"
"New Custom Variable","新的客户变量"
"New Customers","新客户"
"New Email Template","新的邮件模板"
"New Extension","新的插件"
"New Item Type","新记录类型"
"New Group","新建组"
"New Invoice","新建发票"
"New Item Type","新建项目类型"
"New Memo","新便笺"
"New Memo for #%s","#%s的新便笺"
"New Page","新页面"
"New Password","新的密码"
"New Profile","新建配置文件"
"New Store View","新建商店界面"
"New System Template","新建系统模板"
"New Poll","新建投票"
"New Profiles","新建配置文件"
"New Rate","新汇率"
"New Rating","新汇率"
"New Review","新品类"
"New Role","新建角色"
"New Rule","新建角色"
"New Search","新搜索"
"New Set","新建设置"
"New Shipment","新货"
"New Sitemap","新建网站地图"
"New Store View","新建商店界面"
"New System Template","新建系统模板"
"New Tag","新建标签"
"New Template","新建模板"
"New User","新建用户"
"New Variable","新建变量"
"New Website","新建网站"
"Newsletter","邮件列表"
"Newsletter Problems","邮件列表问题"
"Newsletter Queue","邮件列表"
"Newsletter Subscribers","邮件列表订阅人"
"Newsletter Templates","邮件列表模板"
"Next month (hold for menu)","下个月(保持菜单)"
"Next page","下一页"
"Next year (hold for menu)","明年(保持菜单)"
"No","否"
"No (price without tax)","否(价格不包含税)"
"No change","无变化"
"No Data Found","没有数据"
"No Extensions Found","没有找到插件"
"No profile","没有配置文件"
"No profile loaded...","没有加载配置文件..."
"No records found for this period.","该时间段内没有找到记录。"
"No records found.","没有数据"
"No search keywords.","没有搜索关键词。"
"No search modules registered","没有注册的搜索模块"
"No Templates Found","没有找到模板"
"No information available.","没有可用信息."
"None","无"
"Note:","说明："
"Notes","说明"
"notice","通告"
"NOTICE","通告"
"Notifications","通知"
"Number of Orders","订单数量"
"Number of records:","记录条数："
"Number of Uses","使用次数"
"of %s pages","%s页 "
"Old rate:","旧的换算率:"
"One or more of the Cache Types are invalidated:","一个或更多的缓存类型已失效:"
"Online Customers","在线客户"
"Only attributes with scope ""Global"", input type ""Dropdown"" and Use To Create Configurable Product ""Yes"" are available.","属性只能为"全范围",输入类型只能是"下拉列表",用于创建可配置的产品"是"是可使用的."
"Only mapped fields","仅映射字段"
"Optional","可选项"
"Options","选项"
"or","或"
"Order #%s","订单号%s"
"Order #%s (%s)","订单号%s (%s)"
"Order confirmation email not sent","没有发送订单确认邮件"
"Order confirmation email sent","订单确认邮件已发送"
"Order not longer exist","订单不再存在"
"Order not longer exist.","订单不再存在"
"Order Totals","订单总额"
"Order cannot be placed.","不能放置订单."
"Order Created Date","订单创建日期"
"Order ID","订单ID"
"Order Updated Date","更新时期为"
"Order Updated Date report is real-time, does not need statistics refreshing.","更新日期为报告实时,不需要刷新统计."
"Orders","订单"
"Original Magento attribute names in first row:","第一行的Magento麦金斗原有属性名称："
"Package %s data was successfully loaded","成功加载安装包%s的内容"
"Package Extensions","插件包"
"Packages","包"
"Page","页码"
"Pages","页"
"Parent Product Thumbnail","相关产品缩略图"
"Parent Transaction ID","相关交易ID"
"Passive mode","被动模式"
"Password","密码"
"Password Confirmation","密码确认"
"Password confirmation must be same as password.","密码确认必须输入相同的密码."
"Password must be at least of %d characters.","密码至少为%d位."
"Password must include both numeric and alphabetic characters.","密码必须包含数字和字母字符."
"Password:","密码:"
"Path","路径"
"Path:","路径："
"Payment Data Transfer (PDT)","支付数据传送 (PDT)"
"PayPal Email","PayPal 电子邮件"
"PEAR config","PEAR 设置"
"PEAR Configuration was successfully saved","成功保存PEAR设置"
"PEAR Console","PEAR 控制面板"
"Pending Tags","等待中的标签"
"Per Item","每商品"
"Per Order","每订单"
"per page","每页"
"Percent","百分比"
"Performed At","执行时间"
"Period","期间"
"Permanent (301)","永久 (301)"
"Permissions","权限"
"Personal Information","个人信息"
"Phone:","电话："
"PHP Version","PHP 版本"
"Please confirm site switching. All data that hasn't been saved will be lost.","请确认切换网站，所有未保存的数据将丢失。"
"Please enter 6 or more characters.","请输入6个或更多字符。"
"Please enter a number greater than 0 in this field.","请在该栏目输入大于0的数字。"
"Please enter a valid $ amount. For example $100.00.","请输入正确的金额，例如 $100.00"
"Please enter a valid credit card number.","请输入正确的信用卡号码。"
"Please enter a valid date.","请输入正确的日期。"
"Please enter a valid email address. For example johndoe@domain.com.","请输入正确的电子邮件地址。例如 johndoe@domain.com"
"Please enter a valid number in this field.","请在该栏目输入正确的数字。"
"Please enter a valid email.","请输入一个有效的邮箱地址."
"Please enter a valid phone number. For example (123) 456-7890 or 123-456-7890.","请输入正确的电话号码。例如 (123) 456-7890 或 123-456-7890"
"Please enter a valid social security number. For example 123-45-6789.","请输入正确的社会保险号。例如 123-45-6789"
"Please enter a valid URL. For example http://www.example.com or www.example.com","请输入正确的网址，例如 http://www.example.com 或 www.example.com"
"Please enter a valid URL. http:// is required","请输入正确的网址。必须带http://"
"Please enter a valid value from list","请从列表中输入一个有效值"
"Please enter a valid value, ex: 10,20,30","请输入一个有效值, 例如：10, 20, 30"
"Please enter a valid zip code.","请输入正确的邮编。"
"Please enter a valid zip code. For example 90602 or 90602-1234.","请输入正确的邮编。例如 90602 或 90602-1234"
"Please enter valid password.","请输入正确的密码。"
"Please fill in 'email' field.","请填写'电子邮件'栏目。"
"Please make sure that all global admin search modules are installed and activated.","请确认所有的整站管理员搜索模块已安装并激活。"
"Please make sure that your changes were saved before running the profile.","运行配置文件前，请确认已保存修改。"
"Please make sure your passwords match.","请确认密码一致。"
"Please select a custmer","请选择客户"
"Please select a store","请选择商店"
"Please select an option.","请选择选项。"
"Please select catalog searches","请选择目录搜索"
"Please select customer(s)","请选择客户"
"Please select one of the above options.","请在上面选择。"
"Please select one of the options.","请选择。"
"Please select review(s)","请选择评论"
"Please select State/Province.","请选择省份。"
"Please select tag(s)","请选择标签"
"Please specify admin custom URL","请输入管理员自定URL"
"Please specify at least start or end date.","请输入至少开始或介绍日期。"
"Please specify the admin custom URL.","请在订购时加以指定说明管理员定制的URL."
"Please try to logout and sign in again.","请尝试登出然后重新登录."
"Please use in this field only ""a-z,0-9,_"".","请在这些字符中选择输入"a-z,0-9,_"."
"Please use letters only (a-z) in this field.","请输入(a-z)的字母."
"Please use numbers only in this field. please avoid spaces or other characters such as dots or commas.","请只使用数字,不能使用空格或其他字符,例如"."或",""
"Please use only letters (a-z) or numbers (0-9) only in this field. No spaces or other characters are allowed.","请使用字母(a-z)或者字母(0-9).空格和其他字母是不能使用的."
"Please use only letters (a-z) or numbers (0-9) or spaces and # only in this field.","请使用字母(a-z)或者数字(0-9)或者空格或者"#"."
"Please use this date format: dd/mm/yyyy. For example 17/03/2006 for the 17th of March, 2006.","请用正确的日期格式: dd/mm/yyyy.例如 17/03/2006 就是 the 17th of March, 2006."
"Please wait while the indexes are being refreshed.","页面正在刷新,请稍后."
"Please wait, loading...","加载中,请稍后..."
"Please wait...","请等待..."
"Please, add some answers to this poll first.","请在这项调查中加上一些回答."
"Please, select ""Visible in Stores"" for this poll first.","请设置"在商店中可见"."
"Poll Manager","管理投票"
"Polls","投票"
"Popular","流行"
"Position of Watermark for %s","水印的位置在%s"
"Pregenerated product images files.","产品图片文件."
"Prev. month (hold for menu)","月(保持菜单)"
"Prev. year (hold for menu)","年(保持菜单)"
"Preview","预览"
"Preview Template","模板预览"
"Previous page","上一页"
"Price","价格"
"Price alert subscription was saved.","价格提醒订阅已保存."
"Price:","价格:"
"Processed <strong>%s%% %s/%d</strong> records","<strong>%s%% %s/%d</strong>的记录已处理"
"Product","商品"
"Product Reviews","商品评论"
"Product Thumbnail Itself","商品缩略图"
"Product:","商品:"
"Products","商品"
"Products Bestsellers Report","畅销商品报告"
"Products in Carts","购物车中的商品"
"Products Ordered","订购中的商品"
"Profile Action","操作简介"
"Profile Actions XML","XML操作简介"
"Profile Direction","简介索引"
"Profile History","历史简介"
"Profile Information","简介信息"
"Profile Name","简介名"
"Profile Payments","支付简介"
"Profile Schedule","计划简介"
"Profile Wizard","向导简介"
"Profiles","简介"
"Promo","宣传"
"Promotions","促销"
"Purchased Item","采购项目"
"Qty","数量"
"Quantity","数量"
"Queue Refresh","队列刷新"
"Queued... Cancel","排队...取消"
"Radio Buttons","单选按钮"
"Rates","利率"
"Read details","详细阅读"
"Rebuild","重建"
"Rebuild Catalog Index","重建目录索引"
"Rebuild Flat Catalog Category","重建目录分类"
"Rebuild Flat Catalog Product","重建产品分类目录"
"Recent Orders","最近订单"
"Recommended","推荐"
"Recent statistics have been updated.","最近的统计已经生效."
"Recurring Profile View","常见观点简介"
"Recurring Profile","定期描述"
"Recursive Dir","递归目录"
"Redirect","转向"
"Reference","引用"
"Reference ID","引用ID"
"Refresh","刷新"
"Refresh Now*","现在刷新*"
"Refresh Statistics","刷新统计"
"Region/State","省份/地区"
"Release","版本"
"Release Info","版本信息"
"Release Stability","版本稳定性"
"Release Version","版本"
"Remote Extension Info","远程插件信息"
"Remote FTP","远程FTP"
"Remote URL:","远程网址："
"Reports","报表"
"Request Path","请求路径"
"Required","要求"
"Reset","重置"
"Reset Filter","重置条件"
"Resize","调整大小"
"Resource Access","资源访问"
"Resources","资源"
"Results","结果"
"Retrieve Password","取回密码"
"Return Html Version","返回Html版本"
"Revenue","收入"
"Reviews","评论"
"Reviews and Ratings","评论和评价"
"Rewrite Rules","重写规则"
"Role","角色"
"Role ID","角色编号"
"Role Info","角色信息"
"Role Information","角色信息"
"Role Name","角色名称"
"Role Resources","角色资源"
"Role successfully deleted.","成功删除角色。"
"Role successfully saved.","成功保存角色。"
"Role Users","角色用户"
"Roles","角色"
"Roles Resources","角色资源"
"Rotate CCW","替换 CCW"
"Rotate CW","替换 CW"
"Run","运行"
"Run Profile","运行配置文件"
"Running:","正在运行："
"Run Profile in Popup","在弹出的窗口中运行程序"
"Run Profile Inside This Window","在本窗口中运行程序"
"Running... Kill","运行中... 终止"
"Sales","销售"
"Sales Report","销售报表"
"Samples","样本"
"Schedule Merge","合并时间表"
"Save","保存"
"Save & Generate","保存 & 创建"
"Save Account","保存账号"
"Save and Continue Edit","保存且继续修改"
"Save Cache Settings","保存缓存设置"
"Save Config","保存配置"
"Save Currency Rates","保存货币汇率"
"Save Profile","保存配置文件"
"Save Role","保存角色"
"Save Template","保存模板"
"Save User","保存用户"
"Search","搜索"
"Search Index","搜索索引"
"Search Index rebuild error. Please try again later","重建索引错误，请稍候再试。"
"Search Index was rebuilt successfully","已经成功进行重建索引"
"Search Term","搜索关键词"
"Search Terms","搜索关键词"
"Select","选择"
"Select All","选择所有"
"Select Category","选择分类"
"Select Date","选择日期"
"Select date","选择日期"
"Select Date","选择日期"
"Select Range","选择区间"
"Select Visible","选择可见"
"Selected allowed currency ""%s"" is not available in installed currencies.","选中的允许货币 ""%s"" 不在已安装货币列表中."
"Self-assigned roles cannot be deleted.","安全指定下的角色是无法删除的."
"Sender","发信人"
"Separate Email","独立的电子邮件"
"Select website from map","选择地图的网站"
"Select website to map","选择网站地图"
"Selected allow currency ""%s"" is not available in installed currencies","选中的允许货币 ""%s"" 不在已安装货币列表中"
"Selected base currency is not available in installed currencies","选中的基准货币不在已安装货币列表中"
"Selected default display currency is not available in allowed currencies","选中的默认显示货币不在允许货币列表中"
"Selected default display currency is not available in installed currencies","选中的默认显示货币不在已安装货币列表中"
"Shipment #%s comment added","配送单%s增加了备注"
"Shipment #%s created","配送单%s已建立"
"Shipment Comments","配送备注"
"Shipment History","配送记录"
"Shipment was successfully created.","成功建立了运输。"
"Shipment was successfully sent.","成功发送了运输。"
"Shipping","运费"
"Shipping address","配送地址"
"Shipping Address","配送地址"
"Shipping address selection is not applicable","运输地址不能被应用"
"Shipping method must be specified","请指定配送方式"
"Shipping method selection is not applicable","配送方式不能被应用"
"Shipping Origin","发货地"
"Shipping Price","配送价格"
"Shopping Cart","购物车"
"Shopping Cart from %s","%s的购物车"
"Shopping Cart Price Rules","购物车价格规则"
"Show by","显示"
"Show Report for","显示报告"
"Show reviews","查看评论"
"Sitemap Information","网站地图信息"
"Size for %s","%s的大小"
"Skip category selection","跳过分类选择"
"SKU","SKU"
"SKU:","SKU:"
"Some items in this order have different invoice and shipment types. You can create shipment only after the invoice is created.","此订单里的某些商品有不同的发票和运输类型。运输只可以在建立发票之后建立。"
"Some of the ordered items don't exist in the catalog anymore and will be removed if you try to edit the order.","某些订购的商品已不在商品目录中，如果修改订单，将被删除。"
"Sorry, this feature is coming soon...","对不起,此功能暂未开放..."
"Sort Order","排序"
"Specific Countries","选择国家"
"Spreadsheet Name:","电子表名："
"SSL Error: Invalid or self-signed certificate","SSL 错误：证书无效或自签名"
"Stability","稳定性"
"Start Date","开始日期"
"Staging Store: ","商店筹划: "
"Start/Reset Validation...","启动/重置验证..."
"Starting profile execution, please wait...","程序正在执行,请稍后..."
"Staging Website: ","网站筹划: "
"State/Province:","省份："
"Status","状态"
"Status:","状态："
"Stock notification was saved successfully","成功保存库存提醒"
"Stock Quantity:","库存数量:"
"Store","商店"
"Store Email Addresses Section","商店邮箱地址部分"
"Store View","商店界面"
"Store: ","商店: "
"store(%s) scope","商店(%s)的范围"
"Stores","商店"
"Subject","主题"
"Submit","提交"
"Summary","摘要"
"Summary:","摘要："
"Switch/Solo card issue number: %s","Switch/Solo 卡号：%s"
"Switch/Solo card start Date: %s/%s","Switch/Solo 卡开始日期：%s/%s"
"Switch/Solo/Maestro(UK Domestic) card issue number: %s","Switch/Solo/Maestro(英国国内) 卡号：%s"
"Switch/Solo/Maestro(UK Domestic) card start Date: %s/%s","Switch/Solo/Maestro(英国国内) 开始日期：%s/%s"
"Switch/Solo/Maestro(UK Domestic) Only","Switch/Solo/Maestro(英国过年) 只有"
"System","系统"
"System Section","系统单元"
"Tag was successfully deleted","成功删除标签"
"Tag was successfully saved","成功保存标签"
"Tags","标签"
"Target Path","目标路径"
"Target","目标"
"Tax","税额"
"Tb","Tb"
"Template","模板"
"Template Content","模板内容"
"Template Information","模板信息"
"Template Name","模板名称"
"Template Styles","模板类型"
"Template Subject","模板主题"
"Template Type","模板类型"
"Temporary (302)","暂时 (302)"
"Terms and Conditions","条款和协议"
"Text","纯文本"
"The account has been saved.","该账号已经被保存."
"The archive can be uncompressed with <a href=""%s"">%s</a> on Windows systems","该文件在 Windows 系统下可以使用 <a href=""%s"">%s</a> 解压"
"The information in this tab has been changed.","此标签内容已改变。"
"The attribute set has been removed.","此属性集已经被删除."
"The backup has been created.","已经创建备份."
"The billing agreement has been canceled.","账单协议已经被取消."
"The billing agreement has been deleted.","账单协议已经被删除."
"The cache storage has been flushed.","缓存存储器已经被清理."
"The card has failed verification with the issuer bank.","此卡与发行人银行验证失败."
"The carrier needs to be specified.","必须指定承运人."
"The catalog index has been rebuilt.","目录索引已被重建."
"The catalog rewrites have been refreshed.","分类重写已被刷新."
"The Catalog Rewrites were refreshed.","分类重写已经被刷新."
"The CatalogInventory Stock Status has been rebuilt.","目录库存状况已被重建."
"The Comment Text field cannot be empty.","注释文本区域不能为空."
"The configuration has been saved.","配置已保存."
"The credit memo has been canceled.","已取消订单."
"The credit memo has been created.","已创建订单."
"The credit memo has been voided.","订单已作废."
"The custom variable has been deleted.","自定义变量已经删除."
"The custom variable has been saved.","自定义变量已经保存."
"The customer has been deleted.","客户已被删除."
"The customer has been saved.","客户已被保存."
"The design change has been deleted.","设计更改已被删除."
"The design change has been saved.","设计更改已被保存."
"The email address is empty.","邮件地址为空."
"The email template has been deleted.","邮件模板已被删除."
"The email template has been saved.","邮件模板已被保存."
"The flat catalog category has been rebuilt.","目录分类已被重建."
"The Flat Catalog Product was rebuilt","产品分类已被重建"
"The group node name must be specified with field node name.","该组节点名称必须指定到该区域节点名称."
"The image cache was cleaned.","图片缓存已经清理."
"The image cache was cleared.","图片缓存已经清理."
"The information in this tab has been changed.","此标签信息已经改变."
"The invoice and shipment have been created.","发票和发货已经被创建."
"The invoice has been canceled.","发票已经被取消."
"The invoice has been captured.","已捕获发票."
"The invoice has been created.","已创建发票."
"The invoice has been voided.","此发票已作废."
"The JavaScript/CSS cache has been cleaned.","此JavaScript/CSS缓存已经被清理."
"The JavaScript/CSS cache has been cleared.","此JavaScript/CSS缓存已经被清理."
"The Layered Navigation indexing has been queued.","分层导航搜索已经再排队中."
"The Layered Navigation indexing queue has been canceled.","分层导航搜索已经取消排队."
"The Layered Navigation indices were refreshed.","分层导航目录已经刷新."
"The Layered Navigation process has been queued to be killed.","分层导航程序的队列已经被取消."
"The Magento cache storage has been flushed.","Magento麦金斗缓存存储器已经被清理."
"The order does not allow creating an invoice.","此命令不允许创建发票."
"The order no longer exists.","订单已经不存在了."
"The poll has been deleted.","调查已经被删除."
"The poll has been saved.","调查已经被保存."
"The profile has been deleted.","配置已删除."
"The profile has been saved.","配置已保存."
"The profile has been updated.","配置已更新."
"The profile has no changes.","配置无变更."
"The rating has been deleted.","评价已删除."
"The rating has been saved.","评价已保存."
"The role has been deleted.","角色已删除."
"The role has been saved.","角色已保存."
"The role has beensuccessfully saved.","角色保存成功."
"The search index has been rebuilt.","搜索索引已被重建."
"The shipment has been created.","货物已创建."
"The shipment has been sent.","货物已发送."
"The tag has been deleted.","标签已删除."
"The tag has been saved.","标签已保存."
"The URL Rewrite has been deleted.","URL重写已删除."
"The URL Rewrite has been saved.","URL重写已保存."
"The user has been deleted.","用户已删除."
"The user has been saved.","用户已保存."
"Themes JavaScript and CSS files combined to one file.","主题JavaScript和CSS文件合成了一个文件."
"There has been wrong payment information submitted or time limit has expired. Please, try again.","错误的支付信息被提交或者期限已经过期,请再试一次."
"There is an error in one of the option rows.","选择行中有错误."
"This Account is","账户为"
"This account is","账户为"
"This account is inactive.","此账户已停用."
"This attribute set don't have attributes which we can use for configurable product","该属性集没有可用于配置商品的属性"
"This attribute shares the same value in all the stores","该属性在所有商店中共享相同的值"
"This is a required field.","这是必填栏目。"
"This product is currently disabled","该商品目前处于禁用状态"
"This section is not allowed.","此部分已被禁止（配置）。"
"This tab contains invalid data. Please solve the problem before saving.","该栏目有不正确的数据，请检查后再保存。"
"This user no longer exists","该用户不存在"
"This report depends on timezone configuration. Once timezone is changed, the lifetime statistics need to be refreshed.","这份报告取决于时区的设置,一旦时区的改变,所有统计需要跟着改变."
"This Role no longer exists","该角色已不存在"
"This Role no longer exists.","该角色已不存在."
"This section is not allowed.","此部分是不被允许的."
"This tab contains invalid data. Please solve the problem before saving.","此标签包含无效数据,请在保存前解决这个问题."
"This user no longer exists.","该用户不存在."
"This is a demo store. Any orders placed through this store will not be honored or fulfilled.","此站点为演示站点,任何订单不会被接受."
"Thumbnail","缩略图"
"Time","时间"
"Time selection:","时间选择："
"Time:","时间："
"Top 5 Search Terms","最热门5个搜索关键词"
"To","To"
"to","to"
"Toggle Editor","切换编辑器"
"Tools","工具"
"Top 5 Search Terms","最热门的5个搜索关键词"
"Total Amount","总金额"
"Total of %d record(s) were successfully deleted","成功删除%d个记录"
"Total of %d record(s) were successfully updated","成功更新%d个记录"
"Total","所有"
"Total %d records found","共%d项"
"Create Permanent Redirect for old URL","为原有URL创建永久重定向"
"Total Invoiced","发票总额"
"Total of %d record(s) have been deleted.","已删除%d项."
"Total of %d record(s) have been updated.","已更新%d项."
"Prices","价格"
"Meta Information","Meta信息"
"Maximum 255 chars","最多不能超多255个字符"
"Total Order Amount","订单总额"
"Total Refunded","所有退款"
"Track order","跟踪订单"
"Track this shipment","查询此配送信息"
"Tracking number %s for %s assigned","运单号%s已生成，属于%s"
"Tracking number can not be empty.","运单号码不能为空。"
"Transaction Data","交易数据"
"Transaction Details","交易明细"
"Transaction ID","交易ID"
"Transaction Type","交易类型"
"Transactional Emails","交易邮件"
"Transactions","交易"
"Type","类型"
"Type:","类型："
"Unable to find a poll to delete","无法找到要删除的投票"
"Unable to find a tag to delete","无法找到要删除的标签"
"Unable to find a user to delete","无法扎到要删除的用户"
"Unable to initialize import model","无法初始化导入模块"
"Unable to save Cron expression","无法保存计划任务(Cron)表达式"
"Uninstalling selected packages, please wait...","正在卸载安装包，请稍候..."
"Unable to find a Email Template to delete.","无法找到电子邮件模板去删除."
"Unable to initialize import model","无法初始化导入模块"
"Unable to refresh lifetime statistics.","无法更新所有统计."
"Unable to refresh recent statistics.","无法更新最近的统计."
"Unable to save the cron expression.","无法保存cron描述."
"Unable to save the invoice.","无法保存发票."
"Unable to send the invoice email.","无法发送发票电子邮件."
"Unable to send the shipment email.","无法发送发货邮件."
"Unable to void the credit memo.","不能使此订单无效."
"Unable to find a poll to delete.","无法找到要删除的投票."
"Unable to cancel the credit memo.","不能取消订单."
"Unlimited","无限"
"Unknown","未知"
"Unknown error","未知错误"
"Unselect All","取消全选"
"Unselect Visible","取消选择可见"
"Update","更新"
"Updated At","更新于"
"Upgrading $pkg, please wait...","正在升级$pkg，请稍候..."
"Upgrading all available packages, please wait...","正在升级所有可用的安装包，请稍候..."
"Upgrading all packages, please wait...","正在升级所有安装包，请稍候..."
"Upgrading selected packages, please wait...","正在升级选定的安装包，请稍候..."
"Url Rewrite Management","网址重写管理"
"Urlrewrite Information","网址重写信息"
"Upload File","上传文件"
"Upload Files","上传文件"
"Upload HTTP Error","上传HTTP错误"
"Upload I/O Error","上传I/O错误"
"Upload import file","上传导入文件"
"Upload Security Error","上传安全错误"
"URL Rewrite","URL重写"
"URL Rewrite Information","URL重写信息"
"URL Rewrite Management","URL重写管理"
"Use All Available Attributes","使用所有可用属性"
"Use Config Settings","使用配置设置"
"Use Default","使用默认"
"Use Default Value","使用默认价格"
"Use Default Variable Values","使用默认变量值"
"Use Website","使用网站"
"Used as Default For","作为默认为"
"Used Currently For","目前使用的"
"User","用户"
"User Email","用户邮件"
"User ID","用户编号"
"User Info","用户信息"
"User Information","用户信息"
"User Name","用户名"
"User name","用户名"
"User Name is required field.","用户名是必填的."
"User Name:","用户名："
"User Role","用户角色"
"User Roles","用户角色"
"User Roles Information","用户角色信息"
"User was successfully deleted","成功删除用户"
"User was successfully saved","成功保存用户"
"Users","用户"
"Version","版本"
"Version:","版本："
"Value","价值"
"Value Delimiter:","价值分隔符:"
"Variable","变量"
"Variable Code","变量代码"
"Variable HTML Value","变量HTML价值"
"Variable ID","变量ID"
"Variable Name","变量名称"
"Variable Plain Value","变量可见价值"
"Verification cannot be processed","验证不能处理"
"Verification Failed","验证失败"
"Verification Successful","验证成功"
"View","每页"
"View Actions XML","查看操作 XML"
"View Statistics for","查看统计"
"Warning: Please don't close window during importing/exporting data","警告：导入/导出数据时，请不要关闭窗口"
"Warning! Empty value can cause problems with CSV format.","警告！空值可能引起 CSV 格式问题。"
"View Memo","观点便笺"
"View Memo for #%s","#%s的观点便笺"
"View Shipment","观点方式"
"View Statistics For","查看统计"
"Visibility:","可见类型:"
"Warning!\r\nThis action will remove this user from already assigned role\r\nAre you sure?","警告！\r\n此操作将移除这个用户自己的分配作用\r\n,你确定吗？"
"Warning!\r\nThis action will remove those users from already assigned roles\r\nAre you sure?","警告！\r\n此操作将移除指定的角色\r\n,你确定吗？"
"Warning!rnThis action will remove this user from already assigned rolernAre you sure?","警告！\r\n此操作将移除这个用户自己的分配作用\r\n,你确定吗？"
"Warning!rnThis action will remove those users from already assigned rolesrnAre you sure?","警告！\r\n此操作将移除指定的角色\r\n,你确定吗？"
"Watermark File for %s","%s的水印文件"
"We're in our typing table, coding away more features for Magento. Thank you for your patience.","我们正完善 Magento 的功能，请耐心等候。"
"We appreciate our merchants\' feedback, please <a href=""#"" onclick=""surveyAction(\'yes\'); return false;"">take our survey</a> to provide insight on the features you would like included in Magento. <a href=""#"" onclick=""surveyAction(\'no\'); return false;"">Remove this notification</a>","我们十分感谢我们的顾客\'的意见,欢迎<a href=""#"" onclick=""surveyAction(\'yes\'); return false;"">take our survey</a>在你还想了解关于magento麦金斗. <a href=""#"" onclick=""surveyAction(\'no\'); return false;"">Remove this notification</a>"
"We detected that your JavaScript seem to be disabled.","我们发现您的JavaScript已被禁用."
"Warning: Please do not close the window during importing/exporting data","警告: 请不要在导出/导入数据的时候关闭窗口"
"Warning! Empty value can cause problems with CSV format.","警告！空的值会导致一些问题在csv格式里."
"Web Section","Web 单元"
"Web services","Web 服务"
"Web Services","Web 服务"
"Website","网站"
"Website: ","网站: "
"website(%s) scope","网站(%s)范围"
"Websites","网站"
"Websites / Stores","站点 / 商店"
"What is this?","这是什么？"
"Wishlist Report","收藏报表"
"Wrong column format","栏目格式错误"
"Wrong tab configuration","Tab设置错误"
"Wrong tag was specified.","错误的标签被指定."
"What is this?","这是什么？"
"Wishlist Report","收藏报表"
"Wrong billing agreement ID specified.","指定错误的账单协议ID."
"Wrong column format.","栏目格式错误."
"No problems found.","暂无结果。"
"Wrong transaction ID specified.","错误的交易ID被指定."
"XML","XML"
"Year","Year"
"Yes","是"
"URL Key","URL标识符"
"Content Heading","标题"
"Show / Hide Editor","显示 / 隐藏编辑器"
"Countries Options","国家选择"
"Locale Options","本地选择"
"Allow Countries","选择的国家"
"Show Breadcrumbs for CMS Pages","是否在CMS页面中显示'当前位置'"
"Disallow Voting in a Poll Multiple Times from Same IP-address","不允许同一个IP的用户在段时间内多次投票"
"Session Cookie Management","Cookie管理"
"Use SID on Frontend","在前台使用SID"
"Base Currency","基础货币"
"Allowed Currencies","允许使用的货币种类"
"Webservicex","网站服务设置"
"Connection Timeout in Seconds","链接超时的时间设置"
"General Contact","基本联系人"
"Sales Representative","销售人员"
"MEC Magento Pro","MEC网店系统扩展"
" Delete Image","删除图片"
"Default Recently Viewed Products Count","默认最近查看过的商品数量"
"Default Recently Compared Products Count","默认最近比较过的商品数量"
"Index Management","索引管理"
"Index","索引"
"Change Index Mode","变更索引模式"
"Reindex Data","刷新索引数据"
"Product Flat Data","商品数据"
"Update on Save","在保存时更新"
"Ready","已保存最新的索引"
"Last Run","最后一次运行的时间"
"Reindex Required","需要刷新索引"
"Default Display Currency","默认货币种类"
"Yes (only price with tax)","是 (仅价格含税)"
"You cannot delete your own account.","您不能删除您自己."
"You have","您有"
"You have not enought permissions to login.","没有权限登录。"
"You have not enought permissions to use this functionality.","没有权限使用该功能。"
"You need specify carrier.","您需要指定配送公司"
"You need to specify order items","您需要指定订购商品"
"You successfully logged out.","您已成功登出。"
"Your answers contain duplicates.","您的回复重复了。"
"Your server PHP settings allow you to upload files not more than %s at a time. Please modify post_max_size (currently is %s) and upload_max_filesize (currently is %s) values in php.ini if you want to upload larger files.","您的服务器上 PHP 设置单次文件上传不能超过 %s，如果您想要上传更大的文件，请修改 php.ini 中 post_max_size （目前设置：%s）以及 upload_max_filesize （目前设置：%s）"
"Zip/Postal Code","邮编"
"Zip/Postal Code:","邮编："
"Stock notification was saved.","库存提醒已保存"
"There are no customers for this alert.","该提醒没有客户"
"Checkout Totals Sort Order","结帐汇总排序"
"Fixed Product Tax","固定产品税"
"Logo for PDF Print-outs (200x50)","打印的PDF文件的标示图 (200x50)"
"Logo for HTML Print View","HTML打印预览的标示图"
"Minimum Order Amount","最小订购金额"
"Minimum Amount","最小金额"
"Description Message","描述信息"
"Subtotal after discount.","折扣后小记。"
"This message will be shown in shopping cart when subtotal after discount less than minimum amount.","当折扣后的小记金额低于最小金额时该信息将被显示在购物车页面。"
"Error to Show in Shopping Cart","在购物车页面显示错误提示"
"Validate Each Address Separately in Multi-address Checkout","在多地址结帐中分别验证每个地址"
"Multi-address Description Message","多地址结帐描述信息"
"If empty, the default description above will be used.","如果为空，上面的默认描述信息将被使用。"
"Multi-address Error to Show in Shopping Cart","在购物车页面显示多地址结帐错误提示"
"If empty, the default error above will be used.","如果为空，上面的默认错误提示将被使用。"
"Improves dashboard performance but provides non-realtime data.","提升面板性能，但提供非实时数据。"
"Tax Class for Cash on Delivery Fee","货到付款手续费的税种"
"Excluding Tax","不含税"
"Including Tax","含税"
"Cash on Delivery fee include tax","货到付款手续费中含税"
"Default Tax Destination Calculation","默认税款的目的地计算"
"Display Product Prices In Catalog","在目录中显示商品价格"
"Including and Excluding Tax","包含和不包含税"
"Display Prices","显示价格"
"Display Subtotal","显示小计"
"Display Shipping Amount","显示购物金额"
"Display Full Tax Summary","显示全部纳税摘要"
"Fixed Product Taxes","固定产品税"
"Enable FPT","启用FPT"
"Display Prices In Product Lists","在商品列表页面显示价格"
"Display Prices On Product View Page","在单产品页面显示价格"
"Including FPT only","仅含FPT"
"Including FPT and FPT description","含FPT和FPT描述"
"Excluding FPT, FPT description, final price","不含FPT，FPT描述，最终价格"
"Excluding FPT","不含FPT"
"Display Prices In Sales Modules","在销售模块中显示价格"
"Display Prices In Emails","在邮件中显示价格"
"Apply Discounts To FPT","FPT折扣申请"
"Apply Tax To FPT","FPT税申请"
"Include FPT In Subtotal","小计中包含FPT"
"Enable Onepage Checkout","启用一页支付"
"Enable Terms and Conditions","启用条款及条件"
"After Adding a Product Redirect to Shopping Cart","添加商品后跳转到购物车页面"
"Grouped Product Image","组合商品图片"
"Configurable Product Image","可配置商品图片"
"Maximum Display Recently Added Item(s)","显示最近购买商品的最大数量"
"Allow Shipping to Multiple Addresses","允许使用多地址配送"
"Maximum Qty Allowed for Shipping to Multiple Addresses","多地址配送所允许的最大数量"
"Table Rates","表运费"
"Method Name","配送方式名称"
"Ship to Applicable Countries","该配送方式适用的国家"
"Ship to Specific Countries","支持该配送方式的具体国家"
"You have","您有"
"unread message(s). <a href=""%s"">Go to messages inbox</a>.","未读信息。<a href=""%s"">去信箱</a>。"
"Account Number","帐号"
"Google Base","Google 基本设置"
"Account Login","登录帐户"
"Account Password","帐户密码"
"Update Google Base Item when Product is Updated","商品更新时更新Google基本内容"
"Signup for Google Checkout","为Google结帐注册帐户"
"New Order Status","新生成的订单的状态"
"Hide Cart Contents","隐藏购物车中内容"
"Default Price for Methods","该方式默认的价格"
"Delivery Schedule","交货进度"
"Optimistic","乐观"
"Pessimistic","悲观"
"Email delivery","发送电子邮件"
"Cash On Delivery","货到付款"
"Display Zero Fee","显示零收费"
"Shipment to applicable countries","该付款方式方式适用的国家"
"Shipment to Specific countries","支持该付款方式的具体国家"
"Disallow specific shipping methods","不允许使用的特殊配送方式"
"Disallowed shipping methods","不允许使用的配送方式"
"Automatically Invoice All Items","自动为所有商品生成发票"
"Check / Money Order","支票/汇款"
"Purchase Order","采购订单"
"Authorize.net","授权网站支付"
"Transaction Key","交易的密钥"
"Accepted Currency","允许使用的货币种类"
"Email Customer","邮件通知客户"
"Merchant's Email","商家电子邮件"
"Yeepay Payment","易宝支付"
"Order status when payment accepted by Yeepay","当使用易宝支付时订单状态"
"Order status when payment refused by Yeepay","当拒绝易宝支付时订单状态"
"Udpay Payment","网汇通支付"
"Private Key","私钥"
"Private Modulus","私模"
"Private Exponent","私人指数"
"Public Key","公钥"
"Public Modulus","公模"
"Public Exponent","公共指数"
"Order status when payment accepted by Udpay","当使用网汇通支付时订单状态"
"Order status when payment refused by Udpay","当拒绝网汇通支付时订单状态"
"Alipay Payment","支付宝支付"
"Alipay Login","登录支付宝"
"Cosmo99Bill Payment","快钱支付"
"Security Key","安全码"
"Partner ID(Only For 99Bill Agency,Optional)","合作伙伴ID（仅适用于快钱，可选）"
"REDO Flag(Default is 0)",""
"Payment Type(00 -- Combination; 10 -- C/D Card; 11 -- Telephone Bank ; 12 99Bill Account; 13 Offline; 14 B2B)","付款方式（00 - 组合;10 - C / D卡;11 - 电话银行;12 - 快钱账户;13 - 脱机;14 - B2B）"
"Bank ID","银行号码"
"Input Charset(1 -- UTF-8; 2 -- GBK; 3 -- gb2312)","输入字符集（1 - 使用UTF-8;2 - GBK;3 - GB2312）"
"Background URL","后台网址"
"Display Language(1 -- Chinese; 2 -- English)","显示语言（1 - 中文;2 - 英文）"
"Page URL","页面地址"
"Order status when payment accepted by Cosmo99Bill","当使用快钱付款时订单状态"
"Order status when payment refused by Cosmo99Bill","当拒接快钱付款时订单状态"
"Last Update","上次更新"
"Disable Email Communications","禁用电子邮件通信"
"Generate Schedules Every","生成附表每"
"History Cleanup Every","清空历史记录每"
"About MEC","关于MEC"
